file_path,true_label,pred_label,prob_fake,prob_real,correct
c:/Users/adity/Downloads/X_AI_for_fake_real_audio_detection/Data/Fake\fake_1.wav,Fake,Real,1.715212e-05,0.99998283,False
c:/Users/adity/Downloads/X_AI_for_fake_real_audio_detection/Data/Fake\fake_10.wav,Fake,Real,2.4577628e-05,0.99997544,False
c:/Users/adity/Downloads/X_AI_for_fake_real_audio_detection/Data/Fake\fake_100.wav,Fake,Real,4.2609727e-06,0.9999957,False
c:/Users/adity/Downloads/X_AI_for_fake_real_audio_detection/Data/Fake\fake_1000.wav,Fake,Real,9.4949566e-05,0.999905,False
c:/Users/adity/Downloads/X_AI_for_fake_real_audio_detection/Data/Fake\fake_1001.wav,Fake,Real,8.596077e-08,0.9999999,False
c:/Users/adity/Downloads/X_AI_for_fake_real_audio_detection/Data/Fake\fake_1002.wav,Fake,Real,2.3794453e-06,0.9999976,False
c:/Users/adity/Downloads/X_AI_for_fake_real_audio_detection/Data/Fake\fake_1003.wav,Fake,Real,7.748235e-06,0.99999225,False
c:/Users/adity/Downloads/X_AI_for_fake_real_audio_detection/Data/Fake\fake_1004.wav,Fake,Real,4.2426353e-05,0.99995756,False
c:/Users/adity/Downloads/X_AI_for_fake_real_audio_detection/Data/Fake\fake_1005.wav,Fake,Fake,0.9863775,0.0136225,True
c:/Users/adity/Downloads/X_AI_for_fake_real_audio_detection/Data/Fake\fake_1006.wav,Fake,Real,0.0018777391,0.9981223,False
c:/Users/adity/Downloads/X_AI_for_fake_real_audio_detection/Data/Fake\fake_1007.wav,Fake,Real,8.2841655e-07,0.99999917,False
c:/Users/adity/Downloads/X_AI_for_fake_real_audio_detection/Data/Fake\fake_1008.wav,Fake,Real,5.4772045e-05,0.9999453,False
c:/Users/adity/Downloads/X_AI_for_fake_real_audio_detection/Data/Fake\fake_1009.wav,Fake,Real,0.0016603452,0.99833965,False
c:/Users/adity/Downloads/X_AI_for_fake_real_audio_detection/Data/Fake\fake_1010.wav,Fake,Real,3.8387765e-07,0.99999964,False
c:/Users/adity/Downloads/X_AI_for_fake_real_audio_detection/Data/Fake\fake_1011.wav,Fake,Real,8.7181514e-05,0.99991286,False
c:/Users/adity/Downloads/X_AI_for_fake_real_audio_detection/Data/Fake\fake_1012.wav,Fake,Real,2.571106e-05,0.99997425,False
c:/Users/adity/Downloads/X_AI_for_fake_real_audio_detection/Data/Fake\fake_1013.wav,Fake,Real,6.3241446e-06,0.9999937,False
c:/Users/adity/Downloads/X_AI_for_fake_real_audio_detection/Data/Fake\fake_1015.wav,Fake,Real,0.0018824458,0.99811757,False
c:/Users/adity/Downloads/X_AI_for_fake_real_audio_detection/Data/Fake\fake_1016.wav,Fake,Real,8.199568e-07,0.99999917,False
c:/Users/adity/Downloads/X_AI_for_fake_real_audio_detection/Data/Fake\fake_1017.wav,Fake,Real,1.6929024e-06,0.99999833,False
c:/Users/adity/Downloads/X_AI_for_fake_real_audio_detection/Data/Fake\fake_1018.wav,Fake,Real,0.00028377346,0.9997162,False
c:/Users/adity/Downloads/X_AI_for_fake_real_audio_detection/Data/Fake\fake_102.wav,Fake,Real,0.0002158856,0.9997842,False
c:/Users/adity/Downloads/X_AI_for_fake_real_audio_detection/Data/Fake\fake_1021.wav,Fake,Real,5.204042e-05,0.9999479,False
c:/Users/adity/Downloads/X_AI_for_fake_real_audio_detection/Data/Fake\fake_1022.wav,Fake,Fake,0.95239604,0.047603987,True
c:/Users/adity/Downloads/X_AI_for_fake_real_audio_detection/Data/Fake\fake_1023.wav,Fake,Real,0.06995081,0.9300491,False
c:/Users/adity/Downloads/X_AI_for_fake_real_audio_detection/Data/Fake\fake_1025.wav,Fake,Fake,0.66969144,0.33030853,True
c:/Users/adity/Downloads/X_AI_for_fake_real_audio_detection/Data/Fake\fake_1026.wav,Fake,Real,0.20933026,0.79066974,False
c:/Users/adity/Downloads/X_AI_for_fake_real_audio_detection/Data/Fake\fake_1027.wav,Fake,Real,0.0017029746,0.99829704,False
c:/Users/adity/Downloads/X_AI_for_fake_real_audio_detection/Data/Fake\fake_1028.wav,Fake,Fake,0.99988925,0.00011077542,True
c:/Users/adity/Downloads/X_AI_for_fake_real_audio_detection/Data/Fake\fake_1029.wav,Fake,Real,0.42390746,0.57609254,False
c:/Users/adity/Downloads/X_AI_for_fake_real_audio_detection/Data/Fake\fake_103.wav,Fake,Real,0.013263373,0.9867366,False
c:/Users/adity/Downloads/X_AI_for_fake_real_audio_detection/Data/Fake\fake_1030.wav,Fake,Fake,0.99205035,0.007949674,True
c:/Users/adity/Downloads/X_AI_for_fake_real_audio_detection/Data/Fake\fake_1031.wav,Fake,Real,1.0596061e-06,0.9999989,False
c:/Users/adity/Downloads/X_AI_for_fake_real_audio_detection/Data/Fake\fake_1032.wav,Fake,Real,0.0021321417,0.9978678,False
c:/Users/adity/Downloads/X_AI_for_fake_real_audio_detection/Data/Fake\fake_1033.wav,Fake,Real,3.8792954e-05,0.99996126,False
c:/Users/adity/Downloads/X_AI_for_fake_real_audio_detection/Data/Fake\fake_1034.wav,Fake,Real,0.0003068741,0.99969316,False
c:/Users/adity/Downloads/X_AI_for_fake_real_audio_detection/Data/Fake\fake_1035.wav,Fake,Fake,0.97319174,0.026808323,True
c:/Users/adity/Downloads/X_AI_for_fake_real_audio_detection/Data/Fake\fake_1036.wav,Fake,Fake,0.9873746,0.012625412,True
c:/Users/adity/Downloads/X_AI_for_fake_real_audio_detection/Data/Fake\fake_1037.wav,Fake,Fake,0.5006184,0.4993816,True
c:/Users/adity/Downloads/X_AI_for_fake_real_audio_detection/Data/Fake\fake_1039.wav,Fake,Real,0.0037674608,0.99623257,False
c:/Users/adity/Downloads/X_AI_for_fake_real_audio_detection/Data/Fake\fake_104.wav,Fake,Real,0.0009008861,0.99909914,False
c:/Users/adity/Downloads/X_AI_for_fake_real_audio_detection/Data/Fake\fake_1040.wav,Fake,Real,7.865691e-05,0.9999213,False
c:/Users/adity/Downloads/X_AI_for_fake_real_audio_detection/Data/Fake\fake_1043.wav,Fake,Real,0.003985742,0.99601424,False
c:/Users/adity/Downloads/X_AI_for_fake_real_audio_detection/Data/Fake\fake_1045.wav,Fake,Fake,0.99894065,0.0010593417,True
c:/Users/adity/Downloads/X_AI_for_fake_real_audio_detection/Data/Fake\fake_1046.wav,Fake,Real,0.008719606,0.9912804,False
c:/Users/adity/Downloads/X_AI_for_fake_real_audio_detection/Data/Fake\fake_1047.wav,Fake,Real,0.00022160794,0.99977845,False
c:/Users/adity/Downloads/X_AI_for_fake_real_audio_detection/Data/Fake\fake_1048.wav,Fake,Real,0.004328229,0.99567175,False
c:/Users/adity/Downloads/X_AI_for_fake_real_audio_detection/Data/Fake\fake_105.wav,Fake,Real,8.338218e-05,0.99991655,False
c:/Users/adity/Downloads/X_AI_for_fake_real_audio_detection/Data/Fake\fake_1050.wav,Fake,Real,0.0019210927,0.99807894,False
c:/Users/adity/Downloads/X_AI_for_fake_real_audio_detection/Data/Fake\fake_1051.wav,Fake,Real,1.0713314e-05,0.9999893,False
c:/Users/adity/Downloads/X_AI_for_fake_real_audio_detection/Data/Fake\fake_1052.wav,Fake,Real,0.00012400393,0.999876,False
c:/Users/adity/Downloads/X_AI_for_fake_real_audio_detection/Data/Fake\fake_1053.wav,Fake,Real,0.0027701946,0.99722975,False
c:/Users/adity/Downloads/X_AI_for_fake_real_audio_detection/Data/Fake\fake_1054.wav,Fake,Real,8.773009e-05,0.99991226,False
c:/Users/adity/Downloads/X_AI_for_fake_real_audio_detection/Data/Fake\fake_1055.wav,Fake,Fake,0.8588722,0.14112787,True
c:/Users/adity/Downloads/X_AI_for_fake_real_audio_detection/Data/Fake\fake_1056.wav,Fake,Fake,0.80232716,0.19767287,True
c:/Users/adity/Downloads/X_AI_for_fake_real_audio_detection/Data/Fake\fake_1058.wav,Fake,Fake,0.8144302,0.18556981,True
c:/Users/adity/Downloads/X_AI_for_fake_real_audio_detection/Data/Fake\fake_106.wav,Fake,Real,0.00014594785,0.9998541,False
c:/Users/adity/Downloads/X_AI_for_fake_real_audio_detection/Data/Fake\fake_1062.wav,Fake,Fake,0.8610483,0.13895167,True
c:/Users/adity/Downloads/X_AI_for_fake_real_audio_detection/Data/Fake\fake_1063.wav,Fake,Real,0.003896499,0.9961035,False
c:/Users/adity/Downloads/X_AI_for_fake_real_audio_detection/Data/Fake\fake_1065.wav,Fake,Real,0.0012892941,0.99871075,False
c:/Users/adity/Downloads/X_AI_for_fake_real_audio_detection/Data/Fake\fake_1066.wav,Fake,Real,0.08726309,0.9127369,False
c:/Users/adity/Downloads/X_AI_for_fake_real_audio_detection/Data/Fake\fake_1068.wav,Fake,Real,0.021258775,0.9787412,False
c:/Users/adity/Downloads/X_AI_for_fake_real_audio_detection/Data/Fake\fake_1069.wav,Fake,Fake,0.57272106,0.42727894,True
c:/Users/adity/Downloads/X_AI_for_fake_real_audio_detection/Data/Fake\fake_107.wav,Fake,Fake,0.9991467,0.000853331,True
c:/Users/adity/Downloads/X_AI_for_fake_real_audio_detection/Data/Fake\fake_1070.wav,Fake,Real,2.226741e-05,0.9999777,False
c:/Users/adity/Downloads/X_AI_for_fake_real_audio_detection/Data/Fake\fake_1071.wav,Fake,Real,0.0011861518,0.99881387,False
c:/Users/adity/Downloads/X_AI_for_fake_real_audio_detection/Data/Fake\fake_1072.wav,Fake,Real,0.0171546,0.98284537,False
c:/Users/adity/Downloads/X_AI_for_fake_real_audio_detection/Data/Fake\fake_1073.wav,Fake,Real,0.00011545591,0.9998845,False
c:/Users/adity/Downloads/X_AI_for_fake_real_audio_detection/Data/Fake\fake_1074.wav,Fake,Real,0.0002605091,0.99973947,False
c:/Users/adity/Downloads/X_AI_for_fake_real_audio_detection/Data/Fake\fake_1075.wav,Fake,Real,0.03217064,0.9678294,False
c:/Users/adity/Downloads/X_AI_for_fake_real_audio_detection/Data/Fake\fake_1076.wav,Fake,Real,0.0033154965,0.9966845,False
c:/Users/adity/Downloads/X_AI_for_fake_real_audio_detection/Data/Fake\fake_1077.wav,Fake,Real,2.5098672e-05,0.99997485,False
c:/Users/adity/Downloads/X_AI_for_fake_real_audio_detection/Data/Fake\fake_1078.wav,Fake,Real,0.0002213349,0.9997787,False
c:/Users/adity/Downloads/X_AI_for_fake_real_audio_detection/Data/Fake\fake_1079.wav,Fake,Real,0.0002690894,0.9997309,False
c:/Users/adity/Downloads/X_AI_for_fake_real_audio_detection/Data/Fake\fake_108.wav,Fake,Real,1.1131446e-05,0.9999889,False
c:/Users/adity/Downloads/X_AI_for_fake_real_audio_detection/Data/Fake\fake_1080.wav,Fake,Real,0.01453364,0.98546636,False
c:/Users/adity/Downloads/X_AI_for_fake_real_audio_detection/Data/Fake\fake_1081.wav,Fake,Real,0.0014321848,0.9985678,False
c:/Users/adity/Downloads/X_AI_for_fake_real_audio_detection/Data/Fake\fake_1082.wav,Fake,Fake,0.5782204,0.42177954,True
c:/Users/adity/Downloads/X_AI_for_fake_real_audio_detection/Data/Fake\fake_1083.wav,Fake,Real,0.46182093,0.538179,False
c:/Users/adity/Downloads/X_AI_for_fake_real_audio_detection/Data/Fake\fake_1084.wav,Fake,Fake,0.99979216,0.00020786881,True
c:/Users/adity/Downloads/X_AI_for_fake_real_audio_detection/Data/Fake\fake_1086.wav,Fake,Fake,0.99900585,0.0009941468,True
c:/Users/adity/Downloads/X_AI_for_fake_real_audio_detection/Data/Fake\fake_1087.wav,Fake,Real,0.00070591195,0.99929404,False
c:/Users/adity/Downloads/X_AI_for_fake_real_audio_detection/Data/Fake\fake_109.wav,Fake,Real,1.3207801e-06,0.9999987,False
c:/Users/adity/Downloads/X_AI_for_fake_real_audio_detection/Data/Fake\fake_1090.wav,Fake,Fake,0.9930428,0.0069571603,True
c:/Users/adity/Downloads/X_AI_for_fake_real_audio_detection/Data/Fake\fake_1091.wav,Fake,Real,1.4019008e-06,0.99999857,False
c:/Users/adity/Downloads/X_AI_for_fake_real_audio_detection/Data/Fake\fake_1092.wav,Fake,Fake,0.99961734,0.00038263135,True
c:/Users/adity/Downloads/X_AI_for_fake_real_audio_detection/Data/Fake\fake_1094.wav,Fake,Real,0.005696831,0.9943032,False
c:/Users/adity/Downloads/X_AI_for_fake_real_audio_detection/Data/Fake\fake_1095.wav,Fake,Real,0.0023577148,0.9976422,False
c:/Users/adity/Downloads/X_AI_for_fake_real_audio_detection/Data/Fake\fake_1096.wav,Fake,Real,8.864114e-05,0.9999113,False
c:/Users/adity/Downloads/X_AI_for_fake_real_audio_detection/Data/Fake\fake_1098.wav,Fake,Real,0.0020509681,0.99794906,False
c:/Users/adity/Downloads/X_AI_for_fake_real_audio_detection/Data/Fake\fake_11.wav,Fake,Real,2.5631864e-05,0.99997437,False
c:/Users/adity/Downloads/X_AI_for_fake_real_audio_detection/Data/Fake\fake_110.wav,Fake,Real,1.4847674e-07,0.9999999,False
c:/Users/adity/Downloads/X_AI_for_fake_real_audio_detection/Data/Fake\fake_1100.wav,Fake,Real,0.0013262384,0.9986738,False
c:/Users/adity/Downloads/X_AI_for_fake_real_audio_detection/Data/Fake\fake_1102.wav,Fake,Real,0.0031989855,0.996801,False
c:/Users/adity/Downloads/X_AI_for_fake_real_audio_detection/Data/Fake\fake_1103.wav,Fake,Real,0.00020589154,0.9997942,False
c:/Users/adity/Downloads/X_AI_for_fake_real_audio_detection/Data/Fake\fake_1104.wav,Fake,Real,0.0005817744,0.99941826,False
c:/Users/adity/Downloads/X_AI_for_fake_real_audio_detection/Data/Fake\fake_1105.wav,Fake,Real,0.0049944166,0.99500567,False
c:/Users/adity/Downloads/X_AI_for_fake_real_audio_detection/Data/Fake\fake_1108.wav,Fake,Fake,0.93046284,0.06953721,True
c:/Users/adity/Downloads/X_AI_for_fake_real_audio_detection/Data/Fake\fake_1109.wav,Fake,Real,0.019289926,0.98071015,False
c:/Users/adity/Downloads/X_AI_for_fake_real_audio_detection/Data/Fake\fake_1110.wav,Fake,Real,0.038253024,0.96174693,False
c:/Users/adity/Downloads/X_AI_for_fake_real_audio_detection/Data/Fake\fake_1111.wav,Fake,Real,0.0019049032,0.9980951,False
c:/Users/adity/Downloads/X_AI_for_fake_real_audio_detection/Data/Fake\fake_1112.wav,Fake,Real,0.00070406776,0.99929595,False
c:/Users/adity/Downloads/X_AI_for_fake_real_audio_detection/Data/Fake\fake_1114.wav,Fake,Fake,0.9999331,6.6881694e-05,True
c:/Users/adity/Downloads/X_AI_for_fake_real_audio_detection/Data/Fake\fake_1115.wav,Fake,Real,8.815308e-05,0.9999118,False
c:/Users/adity/Downloads/X_AI_for_fake_real_audio_detection/Data/Fake\fake_1116.wav,Fake,Fake,0.99981254,0.00018748755,True
c:/Users/adity/Downloads/X_AI_for_fake_real_audio_detection/Data/Fake\fake_1117.wav,Fake,Real,3.3824634e-09,1.0,False
c:/Users/adity/Downloads/X_AI_for_fake_real_audio_detection/Data/Fake\fake_1118.wav,Fake,Fake,0.5169521,0.48304787,True
c:/Users/adity/Downloads/X_AI_for_fake_real_audio_detection/Data/Fake\fake_1120.wav,Fake,Real,0.0018045135,0.99819547,False
c:/Users/adity/Downloads/X_AI_for_fake_real_audio_detection/Data/Fake\fake_1121.wav,Fake,Real,3.7609286e-06,0.9999962,False
c:/Users/adity/Downloads/X_AI_for_fake_real_audio_detection/Data/Fake\fake_1122.wav,Fake,Fake,0.9994017,0.0005982866,True
c:/Users/adity/Downloads/X_AI_for_fake_real_audio_detection/Data/Fake\fake_1123.wav,Fake,Real,0.0037658608,0.9962341,False
c:/Users/adity/Downloads/X_AI_for_fake_real_audio_detection/Data/Fake\fake_1124.wav,Fake,Real,7.564185e-07,0.9999993,False
c:/Users/adity/Downloads/X_AI_for_fake_real_audio_detection/Data/Fake\fake_1125.wav,Fake,Real,0.00014469754,0.9998553,False
c:/Users/adity/Downloads/X_AI_for_fake_real_audio_detection/Data/Fake\fake_1126.wav,Fake,Real,1.3013183e-08,1.0,False
c:/Users/adity/Downloads/X_AI_for_fake_real_audio_detection/Data/Fake\fake_1127.wav,Fake,Real,0.0029546253,0.99704534,False
c:/Users/adity/Downloads/X_AI_for_fake_real_audio_detection/Data/Fake\fake_1128.wav,Fake,Real,7.889338e-05,0.9999211,False
c:/Users/adity/Downloads/X_AI_for_fake_real_audio_detection/Data/Fake\fake_1129.wav,Fake,Fake,0.9988004,0.0011995843,True
c:/Users/adity/Downloads/X_AI_for_fake_real_audio_detection/Data/Fake\fake_113.wav,Fake,Real,0.002051128,0.99794894,False
c:/Users/adity/Downloads/X_AI_for_fake_real_audio_detection/Data/Fake\fake_1130.wav,Fake,Real,3.3812816e-05,0.99996614,False
c:/Users/adity/Downloads/X_AI_for_fake_real_audio_detection/Data/Fake\fake_1131.wav,Fake,Real,0.004740783,0.9952592,False
c:/Users/adity/Downloads/X_AI_for_fake_real_audio_detection/Data/Fake\fake_1132.wav,Fake,Real,0.00026348035,0.9997365,False
c:/Users/adity/Downloads/X_AI_for_fake_real_audio_detection/Data/Fake\fake_1133.wav,Fake,Real,1.5684642e-05,0.99998426,False
c:/Users/adity/Downloads/X_AI_for_fake_real_audio_detection/Data/Fake\fake_1134.wav,Fake,Real,0.0009975473,0.9990025,False
c:/Users/adity/Downloads/X_AI_for_fake_real_audio_detection/Data/Fake\fake_1135.wav,Fake,Fake,0.7764158,0.22358415,True
c:/Users/adity/Downloads/X_AI_for_fake_real_audio_detection/Data/Fake\fake_1136.wav,Fake,Real,0.0005235164,0.9994765,False
c:/Users/adity/Downloads/X_AI_for_fake_real_audio_detection/Data/Fake\fake_1137.wav,Fake,Real,0.39032885,0.6096712,False
c:/Users/adity/Downloads/X_AI_for_fake_real_audio_detection/Data/Fake\fake_1138.wav,Fake,Real,3.68788e-07,0.99999964,False
c:/Users/adity/Downloads/X_AI_for_fake_real_audio_detection/Data/Fake\fake_1139.wav,Fake,Real,0.0002836796,0.99971634,False
c:/Users/adity/Downloads/X_AI_for_fake_real_audio_detection/Data/Fake\fake_114.wav,Fake,Real,0.00031507565,0.99968493,False
c:/Users/adity/Downloads/X_AI_for_fake_real_audio_detection/Data/Fake\fake_1140.wav,Fake,Real,0.00053054973,0.99946946,False
c:/Users/adity/Downloads/X_AI_for_fake_real_audio_detection/Data/Fake\fake_1141.wav,Fake,Real,0.0061605573,0.99383944,False
c:/Users/adity/Downloads/X_AI_for_fake_real_audio_detection/Data/Fake\fake_1142.wav,Fake,Fake,0.9838409,0.016159095,True
c:/Users/adity/Downloads/X_AI_for_fake_real_audio_detection/Data/Fake\fake_1143.wav,Fake,Real,0.004023617,0.9959764,False
c:/Users/adity/Downloads/X_AI_for_fake_real_audio_detection/Data/Fake\fake_1144.wav,Fake,Fake,0.99995375,4.6239176e-05,True
c:/Users/adity/Downloads/X_AI_for_fake_real_audio_detection/Data/Fake\fake_1146.wav,Fake,Fake,0.9999238,7.61878e-05,True
c:/Users/adity/Downloads/X_AI_for_fake_real_audio_detection/Data/Fake\fake_1147.wav,Fake,Real,0.003045577,0.99695444,False
c:/Users/adity/Downloads/X_AI_for_fake_real_audio_detection/Data/Fake\fake_1148.wav,Fake,Fake,0.99972373,0.00027620894,True
c:/Users/adity/Downloads/X_AI_for_fake_real_audio_detection/Data/Fake\fake_1149.wav,Fake,Real,0.0021994954,0.9978005,False
c:/Users/adity/Downloads/X_AI_for_fake_real_audio_detection/Data/Fake\fake_1150.wav,Fake,Real,0.028291414,0.9717086,False
c:/Users/adity/Downloads/X_AI_for_fake_real_audio_detection/Data/Fake\fake_1151.wav,Fake,Real,0.0043069962,0.995693,False
c:/Users/adity/Downloads/X_AI_for_fake_real_audio_detection/Data/Fake\fake_1152.wav,Fake,Fake,0.99984574,0.00015422303,True
c:/Users/adity/Downloads/X_AI_for_fake_real_audio_detection/Data/Fake\fake_1153.wav,Fake,Fake,0.99969053,0.00030951915,True
c:/Users/adity/Downloads/X_AI_for_fake_real_audio_detection/Data/Fake\fake_1156.wav,Fake,Real,2.9296173e-06,0.999997,False
c:/Users/adity/Downloads/X_AI_for_fake_real_audio_detection/Data/Fake\fake_1157.wav,Fake,Real,0.0018334447,0.99816656,False
c:/Users/adity/Downloads/X_AI_for_fake_real_audio_detection/Data/Fake\fake_1159.wav,Fake,Fake,0.9997892,0.0002108929,True
c:/Users/adity/Downloads/X_AI_for_fake_real_audio_detection/Data/Fake\fake_1160.wav,Fake,Real,0.12606628,0.8739337,False
c:/Users/adity/Downloads/X_AI_for_fake_real_audio_detection/Data/Fake\fake_1161.wav,Fake,Real,0.05001461,0.94998544,False
c:/Users/adity/Downloads/X_AI_for_fake_real_audio_detection/Data/Fake\fake_1162.wav,Fake,Real,0.07688354,0.9231164,False
c:/Users/adity/Downloads/X_AI_for_fake_real_audio_detection/Data/Fake\fake_1163.wav,Fake,Real,0.032078046,0.967922,False
c:/Users/adity/Downloads/X_AI_for_fake_real_audio_detection/Data/Fake\fake_1166.wav,Fake,Fake,0.9994223,0.00057769375,True
c:/Users/adity/Downloads/X_AI_for_fake_real_audio_detection/Data/Fake\fake_1167.wav,Fake,Fake,0.9999304,6.961133e-05,True
c:/Users/adity/Downloads/X_AI_for_fake_real_audio_detection/Data/Fake\fake_1169.wav,Fake,Fake,0.99892443,0.0010755027,True
c:/Users/adity/Downloads/X_AI_for_fake_real_audio_detection/Data/Fake\fake_117.wav,Fake,Real,1.6207224e-06,0.99999833,False
c:/Users/adity/Downloads/X_AI_for_fake_real_audio_detection/Data/Fake\fake_1170.wav,Fake,Fake,0.9996282,0.0003717916,True
c:/Users/adity/Downloads/X_AI_for_fake_real_audio_detection/Data/Fake\fake_1172.wav,Fake,Fake,0.99060315,0.0093968585,True
c:/Users/adity/Downloads/X_AI_for_fake_real_audio_detection/Data/Fake\fake_1173.wav,Fake,Fake,0.99630946,0.0036905643,True
c:/Users/adity/Downloads/X_AI_for_fake_real_audio_detection/Data/Fake\fake_1174.wav,Fake,Fake,0.99065334,0.009346582,True
c:/Users/adity/Downloads/X_AI_for_fake_real_audio_detection/Data/Fake\fake_1176.wav,Fake,Fake,0.9994178,0.0005822487,True
c:/Users/adity/Downloads/X_AI_for_fake_real_audio_detection/Data/Fake\fake_1177.wav,Fake,Real,0.0010184724,0.99898154,False
c:/Users/adity/Downloads/X_AI_for_fake_real_audio_detection/Data/Fake\fake_1178.wav,Fake,Fake,0.6425983,0.3574017,True
c:/Users/adity/Downloads/X_AI_for_fake_real_audio_detection/Data/Fake\fake_1179.wav,Fake,Fake,0.99984455,0.00015538071,True
c:/Users/adity/Downloads/X_AI_for_fake_real_audio_detection/Data/Fake\fake_118.wav,Fake,Real,2.8896634e-06,0.99999714,False
c:/Users/adity/Downloads/X_AI_for_fake_real_audio_detection/Data/Fake\fake_1180.wav,Fake,Fake,0.9997683,0.00023173283,True
c:/Users/adity/Downloads/X_AI_for_fake_real_audio_detection/Data/Fake\fake_1182.wav,Fake,Fake,0.99996233,3.7654147e-05,True
c:/Users/adity/Downloads/X_AI_for_fake_real_audio_detection/Data/Fake\fake_1183.wav,Fake,Fake,0.9970157,0.0029842446,True
c:/Users/adity/Downloads/X_AI_for_fake_real_audio_detection/Data/Fake\fake_1184.wav,Fake,Fake,0.99976856,0.00023147778,True
c:/Users/adity/Downloads/X_AI_for_fake_real_audio_detection/Data/Fake\fake_1185.wav,Fake,Fake,0.7734734,0.22652663,True
c:/Users/adity/Downloads/X_AI_for_fake_real_audio_detection/Data/Fake\fake_1186.wav,Fake,Real,0.0013650391,0.998635,False
c:/Users/adity/Downloads/X_AI_for_fake_real_audio_detection/Data/Fake\fake_1187.wav,Fake,Fake,0.9927933,0.007206717,True
c:/Users/adity/Downloads/X_AI_for_fake_real_audio_detection/Data/Fake\fake_1190.wav,Fake,Real,0.00038133844,0.99961865,False
c:/Users/adity/Downloads/X_AI_for_fake_real_audio_detection/Data/Fake\fake_1191.wav,Fake,Real,0.006818281,0.99318165,False
c:/Users/adity/Downloads/X_AI_for_fake_real_audio_detection/Data/Fake\fake_1192.wav,Fake,Fake,0.99978715,0.00021281913,True
c:/Users/adity/Downloads/X_AI_for_fake_real_audio_detection/Data/Fake\fake_1193.wav,Fake,Fake,0.9394262,0.060573835,True
c:/Users/adity/Downloads/X_AI_for_fake_real_audio_detection/Data/Fake\fake_1194.wav,Fake,Real,0.011305234,0.9886947,False
c:/Users/adity/Downloads/X_AI_for_fake_real_audio_detection/Data/Fake\fake_1198.wav,Fake,Real,0.0008992507,0.9991008,False
c:/Users/adity/Downloads/X_AI_for_fake_real_audio_detection/Data/Fake\fake_1199.wav,Fake,Real,0.023932615,0.97606736,False
c:/Users/adity/Downloads/X_AI_for_fake_real_audio_detection/Data/Fake\fake_12.wav,Fake,Real,7.8932906e-08,0.9999999,False
c:/Users/adity/Downloads/X_AI_for_fake_real_audio_detection/Data/Fake\fake_120.wav,Fake,Real,0.0022444627,0.9977556,False
c:/Users/adity/Downloads/X_AI_for_fake_real_audio_detection/Data/Fake\fake_1200.wav,Fake,Fake,0.62800616,0.37199384,True
c:/Users/adity/Downloads/X_AI_for_fake_real_audio_detection/Data/Fake\fake_1201.wav,Fake,Real,0.11836669,0.88163334,False
c:/Users/adity/Downloads/X_AI_for_fake_real_audio_detection/Data/Fake\fake_1202.wav,Fake,Fake,0.9989899,0.0010101133,True
c:/Users/adity/Downloads/X_AI_for_fake_real_audio_detection/Data/Fake\fake_1203.wav,Fake,Real,8.226566e-06,0.9999918,False
c:/Users/adity/Downloads/X_AI_for_fake_real_audio_detection/Data/Fake\fake_1204.wav,Fake,Real,0.15703537,0.8429647,False
c:/Users/adity/Downloads/X_AI_for_fake_real_audio_detection/Data/Fake\fake_1207.wav,Fake,Real,0.0032239272,0.99677604,False
c:/Users/adity/Downloads/X_AI_for_fake_real_audio_detection/Data/Fake\fake_1209.wav,Fake,Real,0.00015455691,0.9998454,False
c:/Users/adity/Downloads/X_AI_for_fake_real_audio_detection/Data/Fake\fake_121.wav,Fake,Real,0.0014149394,0.9985851,False
c:/Users/adity/Downloads/X_AI_for_fake_real_audio_detection/Data/Fake\fake_1210.wav,Fake,Real,0.017542547,0.98245746,False
c:/Users/adity/Downloads/X_AI_for_fake_real_audio_detection/Data/Fake\fake_1212.wav,Fake,Fake,0.99990416,9.589252e-05,True
c:/Users/adity/Downloads/X_AI_for_fake_real_audio_detection/Data/Fake\fake_1215.wav,Fake,Real,0.000507979,0.99949205,False
c:/Users/adity/Downloads/X_AI_for_fake_real_audio_detection/Data/Fake\fake_1216.wav,Fake,Real,0.32110316,0.67889684,False
c:/Users/adity/Downloads/X_AI_for_fake_real_audio_detection/Data/Fake\fake_1217.wav,Fake,Real,0.0019197124,0.99808025,False
c:/Users/adity/Downloads/X_AI_for_fake_real_audio_detection/Data/Fake\fake_1218.wav,Fake,Real,0.00013049762,0.99986947,False
c:/Users/adity/Downloads/X_AI_for_fake_real_audio_detection/Data/Fake\fake_1219.wav,Fake,Real,0.00032714897,0.9996729,False
c:/Users/adity/Downloads/X_AI_for_fake_real_audio_detection/Data/Fake\fake_122.wav,Fake,Real,0.18295583,0.81704414,False
c:/Users/adity/Downloads/X_AI_for_fake_real_audio_detection/Data/Fake\fake_1221.wav,Fake,Fake,0.793832,0.20616794,True
c:/Users/adity/Downloads/X_AI_for_fake_real_audio_detection/Data/Fake\fake_1222.wav,Fake,Fake,0.9949254,0.0050746417,True
c:/Users/adity/Downloads/X_AI_for_fake_real_audio_detection/Data/Fake\fake_1223.wav,Fake,Real,0.00048703284,0.9995129,False
c:/Users/adity/Downloads/X_AI_for_fake_real_audio_detection/Data/Fake\fake_1225.wav,Fake,Real,0.0004963405,0.9995036,False
c:/Users/adity/Downloads/X_AI_for_fake_real_audio_detection/Data/Fake\fake_1226.wav,Fake,Real,0.0011854414,0.9988146,False
c:/Users/adity/Downloads/X_AI_for_fake_real_audio_detection/Data/Fake\fake_1228.wav,Fake,Real,0.0009791987,0.9990208,False
c:/Users/adity/Downloads/X_AI_for_fake_real_audio_detection/Data/Fake\fake_1229.wav,Fake,Real,0.016820647,0.98317933,False
c:/Users/adity/Downloads/X_AI_for_fake_real_audio_detection/Data/Fake\fake_123.wav,Fake,Real,0.0024685054,0.9975314,False
c:/Users/adity/Downloads/X_AI_for_fake_real_audio_detection/Data/Fake\fake_1230.wav,Fake,Real,0.009984277,0.9900157,False
c:/Users/adity/Downloads/X_AI_for_fake_real_audio_detection/Data/Fake\fake_1232.wav,Fake,Fake,0.72131395,0.27868602,True
c:/Users/adity/Downloads/X_AI_for_fake_real_audio_detection/Data/Fake\fake_1233.wav,Fake,Real,0.00025112575,0.9997489,False
c:/Users/adity/Downloads/X_AI_for_fake_real_audio_detection/Data/Fake\fake_1234.wav,Fake,Real,0.016222266,0.98377776,False
c:/Users/adity/Downloads/X_AI_for_fake_real_audio_detection/Data/Fake\fake_1235.wav,Fake,Real,0.0015104221,0.9984895,False
c:/Users/adity/Downloads/X_AI_for_fake_real_audio_detection/Data/Fake\fake_1236.wav,Fake,Real,2.679339e-05,0.9999732,False
c:/Users/adity/Downloads/X_AI_for_fake_real_audio_detection/Data/Fake\fake_1237.wav,Fake,Real,0.0025926167,0.9974074,False
c:/Users/adity/Downloads/X_AI_for_fake_real_audio_detection/Data/Fake\fake_1238.wav,Fake,Real,0.00011980061,0.9998802,False
c:/Users/adity/Downloads/X_AI_for_fake_real_audio_detection/Data/Fake\fake_1239.wav,Fake,Real,0.0003550908,0.9996449,False
c:/Users/adity/Downloads/X_AI_for_fake_real_audio_detection/Data/Fake\fake_124.wav,Fake,Real,0.00036696758,0.9996331,False
c:/Users/adity/Downloads/X_AI_for_fake_real_audio_detection/Data/Fake\fake_1240.wav,Fake,Real,0.010741465,0.9892586,False
c:/Users/adity/Downloads/X_AI_for_fake_real_audio_detection/Data/Fake\fake_1241.wav,Fake,Real,0.008789455,0.9912106,False
c:/Users/adity/Downloads/X_AI_for_fake_real_audio_detection/Data/Fake\fake_1242.wav,Fake,Real,0.0133431,0.98665684,False
c:/Users/adity/Downloads/X_AI_for_fake_real_audio_detection/Data/Fake\fake_1243.wav,Fake,Real,0.005992083,0.99400795,False
c:/Users/adity/Downloads/X_AI_for_fake_real_audio_detection/Data/Fake\fake_1244.wav,Fake,Real,0.0036036442,0.99639636,False
c:/Users/adity/Downloads/X_AI_for_fake_real_audio_detection/Data/Fake\fake_1245.wav,Fake,Real,0.0090178335,0.99098223,False
c:/Users/adity/Downloads/X_AI_for_fake_real_audio_detection/Data/Fake\fake_1247.wav,Fake,Real,0.00029747223,0.9997025,False
c:/Users/adity/Downloads/X_AI_for_fake_real_audio_detection/Data/Fake\fake_1248.wav,Fake,Real,4.7976388e-05,0.9999521,False
c:/Users/adity/Downloads/X_AI_for_fake_real_audio_detection/Data/Fake\fake_1249.wav,Fake,Real,0.0017919597,0.99820805,False
c:/Users/adity/Downloads/X_AI_for_fake_real_audio_detection/Data/Fake\fake_125.wav,Fake,Fake,0.99976474,0.000235252,True
c:/Users/adity/Downloads/X_AI_for_fake_real_audio_detection/Data/Fake\fake_1250.wav,Fake,Real,0.00060059846,0.9993994,False
c:/Users/adity/Downloads/X_AI_for_fake_real_audio_detection/Data/Fake\fake_1253.wav,Fake,Real,0.0017905324,0.9982095,False
c:/Users/adity/Downloads/X_AI_for_fake_real_audio_detection/Data/Fake\fake_1254.wav,Fake,Real,7.01875e-05,0.9999298,False
c:/Users/adity/Downloads/X_AI_for_fake_real_audio_detection/Data/Fake\fake_1255.wav,Fake,Real,8.712959e-07,0.99999917,False
c:/Users/adity/Downloads/X_AI_for_fake_real_audio_detection/Data/Fake\fake_1256.wav,Fake,Real,0.006382727,0.9936173,False
c:/Users/adity/Downloads/X_AI_for_fake_real_audio_detection/Data/Fake\fake_1257.wav,Fake,Real,0.014208199,0.9857918,False
c:/Users/adity/Downloads/X_AI_for_fake_real_audio_detection/Data/Fake\fake_1258.wav,Fake,Real,5.6485055e-06,0.9999944,False
c:/Users/adity/Downloads/X_AI_for_fake_real_audio_detection/Data/Fake\fake_1260.wav,Fake,Real,8.690472e-06,0.9999913,False
c:/Users/adity/Downloads/X_AI_for_fake_real_audio_detection/Data/Fake\fake_1261.wav,Fake,Real,0.10336753,0.89663243,False
c:/Users/adity/Downloads/X_AI_for_fake_real_audio_detection/Data/Fake\fake_1262.wav,Fake,Real,0.015035277,0.9849648,False
c:/Users/adity/Downloads/X_AI_for_fake_real_audio_detection/Data/Fake\fake_1263.wav,Fake,Real,0.031241724,0.9687583,False
c:/Users/adity/Downloads/X_AI_for_fake_real_audio_detection/Data/Fake\fake_1264.wav,Fake,Fake,0.9872874,0.012712607,True
c:/Users/adity/Downloads/X_AI_for_fake_real_audio_detection/Data/Fake\fake_1269.wav,Fake,Real,0.094311014,0.90568894,False
c:/Users/adity/Downloads/X_AI_for_fake_real_audio_detection/Data/Fake\fake_127.wav,Fake,Real,0.0035156203,0.9964844,False
c:/Users/adity/Downloads/X_AI_for_fake_real_audio_detection/Data/Fake\fake_1270.wav,Fake,Real,0.28419584,0.71580416,False
c:/Users/adity/Downloads/X_AI_for_fake_real_audio_detection/Data/Fake\fake_1272.wav,Fake,Fake,0.9996767,0.00032333663,True
c:/Users/adity/Downloads/X_AI_for_fake_real_audio_detection/Data/Fake\fake_1273.wav,Fake,Real,0.01575197,0.984248,False
c:/Users/adity/Downloads/X_AI_for_fake_real_audio_detection/Data/Fake\fake_1276.wav,Fake,Fake,0.9281323,0.07186774,True
c:/Users/adity/Downloads/X_AI_for_fake_real_audio_detection/Data/Fake\fake_1277.wav,Fake,Fake,0.973556,0.026444074,True
c:/Users/adity/Downloads/X_AI_for_fake_real_audio_detection/Data/Fake\fake_1278.wav,Fake,Fake,0.80913556,0.19086446,True
c:/Users/adity/Downloads/X_AI_for_fake_real_audio_detection/Data/Fake\fake_1279.wav,Fake,Real,0.007287553,0.9927125,False
c:/Users/adity/Downloads/X_AI_for_fake_real_audio_detection/Data/Fake\fake_128.wav,Fake,Fake,0.99994063,5.9406553e-05,True
c:/Users/adity/Downloads/X_AI_for_fake_real_audio_detection/Data/Fake\fake_1280.wav,Fake,Fake,0.9345682,0.06543178,True
c:/Users/adity/Downloads/X_AI_for_fake_real_audio_detection/Data/Fake\fake_1281.wav,Fake,Real,0.0058719767,0.994128,False
c:/Users/adity/Downloads/X_AI_for_fake_real_audio_detection/Data/Fake\fake_1282.wav,Fake,Fake,0.99894065,0.0010593164,True
c:/Users/adity/Downloads/X_AI_for_fake_real_audio_detection/Data/Fake\fake_1284.wav,Fake,Real,8.6353604e-05,0.9999137,False
c:/Users/adity/Downloads/X_AI_for_fake_real_audio_detection/Data/Fake\fake_1285.wav,Fake,Fake,0.9995678,0.00043216997,True
c:/Users/adity/Downloads/X_AI_for_fake_real_audio_detection/Data/Fake\fake_1286.wav,Fake,Fake,0.9681267,0.031873226,True
c:/Users/adity/Downloads/X_AI_for_fake_real_audio_detection/Data/Fake\fake_1287.wav,Fake,Fake,0.9995808,0.00041924225,True
c:/Users/adity/Downloads/X_AI_for_fake_real_audio_detection/Data/Fake\fake_1289.wav,Fake,Fake,0.9877907,0.012209306,True
c:/Users/adity/Downloads/X_AI_for_fake_real_audio_detection/Data/Fake\fake_129.wav,Fake,Fake,0.9998227,0.0001773042,True
c:/Users/adity/Downloads/X_AI_for_fake_real_audio_detection/Data/Fake\fake_1291.wav,Fake,Real,0.2960316,0.70396835,False
c:/Users/adity/Downloads/X_AI_for_fake_real_audio_detection/Data/Fake\fake_1292.wav,Fake,Fake,0.9844749,0.015525163,True
c:/Users/adity/Downloads/X_AI_for_fake_real_audio_detection/Data/Fake\fake_1293.wav,Fake,Fake,0.9697157,0.030284368,True
c:/Users/adity/Downloads/X_AI_for_fake_real_audio_detection/Data/Fake\fake_1294.wav,Fake,Fake,0.9957474,0.0042525874,True
c:/Users/adity/Downloads/X_AI_for_fake_real_audio_detection/Data/Fake\fake_1295.wav,Fake,Real,0.22921579,0.7707842,False
c:/Users/adity/Downloads/X_AI_for_fake_real_audio_detection/Data/Fake\fake_1296.wav,Fake,Fake,0.99278134,0.007218733,True
c:/Users/adity/Downloads/X_AI_for_fake_real_audio_detection/Data/Fake\fake_1297.wav,Fake,Fake,0.9999149,8.516067e-05,True
c:/Users/adity/Downloads/X_AI_for_fake_real_audio_detection/Data/Fake\fake_1299.wav,Fake,Real,0.27095854,0.7290414,False
c:/Users/adity/Downloads/X_AI_for_fake_real_audio_detection/Data/Fake\fake_13.wav,Fake,Real,1.3559904e-05,0.9999864,False
c:/Users/adity/Downloads/X_AI_for_fake_real_audio_detection/Data/Fake\fake_130.wav,Fake,Real,0.019483324,0.9805166,False
c:/Users/adity/Downloads/X_AI_for_fake_real_audio_detection/Data/Fake\fake_1300.wav,Fake,Fake,0.9998996,0.000100340425,True
c:/Users/adity/Downloads/X_AI_for_fake_real_audio_detection/Data/Fake\fake_1301.wav,Fake,Fake,0.9994491,0.0005509494,True
c:/Users/adity/Downloads/X_AI_for_fake_real_audio_detection/Data/Fake\fake_1302.wav,Fake,Real,1.9012577e-05,0.99998105,False
c:/Users/adity/Downloads/X_AI_for_fake_real_audio_detection/Data/Fake\fake_1303.wav,Fake,Real,0.0022052228,0.99779475,False
c:/Users/adity/Downloads/X_AI_for_fake_real_audio_detection/Data/Fake\fake_1304.wav,Fake,Real,0.0071270075,0.99287295,False
c:/Users/adity/Downloads/X_AI_for_fake_real_audio_detection/Data/Fake\fake_1305.wav,Fake,Real,0.003671124,0.9963289,False
c:/Users/adity/Downloads/X_AI_for_fake_real_audio_detection/Data/Fake\fake_1307.wav,Fake,Fake,0.9998983,0.00010165454,True
c:/Users/adity/Downloads/X_AI_for_fake_real_audio_detection/Data/Fake\fake_1308.wav,Fake,Fake,0.9884609,0.011539155,True
c:/Users/adity/Downloads/X_AI_for_fake_real_audio_detection/Data/Fake\fake_1309.wav,Fake,Real,0.342716,0.657284,False
c:/Users/adity/Downloads/X_AI_for_fake_real_audio_detection/Data/Fake\fake_131.wav,Fake,Fake,0.8184373,0.18156275,True
c:/Users/adity/Downloads/X_AI_for_fake_real_audio_detection/Data/Fake\fake_1310.wav,Fake,Fake,0.9993629,0.000637181,True
c:/Users/adity/Downloads/X_AI_for_fake_real_audio_detection/Data/Fake\fake_1311.wav,Fake,Fake,0.99977773,0.0002223273,True
c:/Users/adity/Downloads/X_AI_for_fake_real_audio_detection/Data/Fake\fake_1312.wav,Fake,Real,0.3629022,0.6370978,False
c:/Users/adity/Downloads/X_AI_for_fake_real_audio_detection/Data/Fake\fake_1315.wav,Fake,Fake,0.63795763,0.36204237,True
c:/Users/adity/Downloads/X_AI_for_fake_real_audio_detection/Data/Fake\fake_1318.wav,Fake,Real,0.0037421198,0.9962579,False
c:/Users/adity/Downloads/X_AI_for_fake_real_audio_detection/Data/Fake\fake_1319.wav,Fake,Real,0.08375469,0.91624534,False
c:/Users/adity/Downloads/X_AI_for_fake_real_audio_detection/Data/Fake\fake_132.wav,Fake,Real,0.013483426,0.9865166,False
c:/Users/adity/Downloads/X_AI_for_fake_real_audio_detection/Data/Fake\fake_1320.wav,Fake,Real,0.037284754,0.96271527,False
c:/Users/adity/Downloads/X_AI_for_fake_real_audio_detection/Data/Fake\fake_1321.wav,Fake,Real,0.0029523617,0.9970476,False
c:/Users/adity/Downloads/X_AI_for_fake_real_audio_detection/Data/Fake\fake_1324.wav,Fake,Fake,0.9993781,0.00062191515,True
c:/Users/adity/Downloads/X_AI_for_fake_real_audio_detection/Data/Fake\fake_1325.wav,Fake,Fake,0.9997421,0.00025792993,True
c:/Users/adity/Downloads/X_AI_for_fake_real_audio_detection/Data/Fake\fake_1326.wav,Fake,Real,0.12980156,0.8701985,False
c:/Users/adity/Downloads/X_AI_for_fake_real_audio_detection/Data/Fake\fake_1327.wav,Fake,Fake,0.9781994,0.021800594,True
c:/Users/adity/Downloads/X_AI_for_fake_real_audio_detection/Data/Fake\fake_1330.wav,Fake,Fake,0.9998678,0.00013215546,True
c:/Users/adity/Downloads/X_AI_for_fake_real_audio_detection/Data/Fake\fake_1331.wav,Fake,Fake,0.99990165,9.8283854e-05,True
c:/Users/adity/Downloads/X_AI_for_fake_real_audio_detection/Data/Fake\fake_1332.wav,Fake,Real,5.3158044e-05,0.99994683,False
c:/Users/adity/Downloads/X_AI_for_fake_real_audio_detection/Data/Fake\fake_1333.wav,Fake,Fake,0.9986828,0.0013172101,True
c:/Users/adity/Downloads/X_AI_for_fake_real_audio_detection/Data/Fake\fake_1334.wav,Fake,Real,0.0016301327,0.9983699,False
c:/Users/adity/Downloads/X_AI_for_fake_real_audio_detection/Data/Fake\fake_1336.wav,Fake,Real,0.0014306839,0.99856925,False
c:/Users/adity/Downloads/X_AI_for_fake_real_audio_detection/Data/Fake\fake_1337.wav,Fake,Fake,0.9998903,0.00010971512,True
c:/Users/adity/Downloads/X_AI_for_fake_real_audio_detection/Data/Fake\fake_1338.wav,Fake,Fake,0.99967504,0.00032496368,True
c:/Users/adity/Downloads/X_AI_for_fake_real_audio_detection/Data/Fake\fake_1339.wav,Fake,Fake,0.92637753,0.07362245,True
c:/Users/adity/Downloads/X_AI_for_fake_real_audio_detection/Data/Fake\fake_134.wav,Fake,Fake,0.99986005,0.00013993944,True
c:/Users/adity/Downloads/X_AI_for_fake_real_audio_detection/Data/Fake\fake_1340.wav,Fake,Fake,0.9996953,0.00030470072,True
c:/Users/adity/Downloads/X_AI_for_fake_real_audio_detection/Data/Fake\fake_1341.wav,Fake,Fake,0.9999002,9.980766e-05,True
c:/Users/adity/Downloads/X_AI_for_fake_real_audio_detection/Data/Fake\fake_1344.wav,Fake,Real,0.006260548,0.9937395,False
c:/Users/adity/Downloads/X_AI_for_fake_real_audio_detection/Data/Fake\fake_1345.wav,Fake,Real,0.00014333021,0.9998566,False
c:/Users/adity/Downloads/X_AI_for_fake_real_audio_detection/Data/Fake\fake_1346.wav,Fake,Real,0.014700539,0.98529947,False
c:/Users/adity/Downloads/X_AI_for_fake_real_audio_detection/Data/Fake\fake_1348.wav,Fake,Real,9.065757e-05,0.9999093,False
c:/Users/adity/Downloads/X_AI_for_fake_real_audio_detection/Data/Fake\fake_1349.wav,Fake,Fake,0.99978536,0.00021470158,True
c:/Users/adity/Downloads/X_AI_for_fake_real_audio_detection/Data/Fake\fake_135.wav,Fake,Real,7.062566e-05,0.9999294,False
c:/Users/adity/Downloads/X_AI_for_fake_real_audio_detection/Data/Fake\fake_1350.wav,Fake,Fake,0.9995117,0.00048827467,True
c:/Users/adity/Downloads/X_AI_for_fake_real_audio_detection/Data/Fake\fake_1351.wav,Fake,Real,0.00061502744,0.999385,False
c:/Users/adity/Downloads/X_AI_for_fake_real_audio_detection/Data/Fake\fake_1352.wav,Fake,Real,7.189406e-05,0.9999281,False
c:/Users/adity/Downloads/X_AI_for_fake_real_audio_detection/Data/Fake\fake_1353.wav,Fake,Real,2.0734453e-05,0.99997926,False
c:/Users/adity/Downloads/X_AI_for_fake_real_audio_detection/Data/Fake\fake_1354.wav,Fake,Real,0.00025214395,0.9997478,False
c:/Users/adity/Downloads/X_AI_for_fake_real_audio_detection/Data/Fake\fake_1355.wav,Fake,Fake,0.99733174,0.0026683325,True
c:/Users/adity/Downloads/X_AI_for_fake_real_audio_detection/Data/Fake\fake_1356.wav,Fake,Real,5.6558792e-06,0.9999944,False
c:/Users/adity/Downloads/X_AI_for_fake_real_audio_detection/Data/Fake\fake_1357.wav,Fake,Real,0.0012922194,0.9987078,False
c:/Users/adity/Downloads/X_AI_for_fake_real_audio_detection/Data/Fake\fake_1358.wav,Fake,Real,3.4610946e-06,0.99999654,False
c:/Users/adity/Downloads/X_AI_for_fake_real_audio_detection/Data/Fake\fake_1359.wav,Fake,Real,2.3220495e-05,0.99997675,False
c:/Users/adity/Downloads/X_AI_for_fake_real_audio_detection/Data/Fake\fake_136.wav,Fake,Fake,0.563355,0.43664488,True
c:/Users/adity/Downloads/X_AI_for_fake_real_audio_detection/Data/Fake\fake_1361.wav,Fake,Real,0.00046803823,0.999532,False
c:/Users/adity/Downloads/X_AI_for_fake_real_audio_detection/Data/Fake\fake_1362.wav,Fake,Real,3.1190604e-05,0.99996877,False
c:/Users/adity/Downloads/X_AI_for_fake_real_audio_detection/Data/Fake\fake_1363.wav,Fake,Real,7.1970026e-06,0.99999285,False
c:/Users/adity/Downloads/X_AI_for_fake_real_audio_detection/Data/Fake\fake_1365.wav,Fake,Real,4.0362047e-05,0.9999596,False
c:/Users/adity/Downloads/X_AI_for_fake_real_audio_detection/Data/Fake\fake_1369.wav,Fake,Real,2.3702098e-05,0.9999763,False
c:/Users/adity/Downloads/X_AI_for_fake_real_audio_detection/Data/Fake\fake_137.wav,Fake,Fake,0.99997437,2.5686433e-05,True
c:/Users/adity/Downloads/X_AI_for_fake_real_audio_detection/Data/Fake\fake_1370.wav,Fake,Real,7.484594e-05,0.99992514,False
c:/Users/adity/Downloads/X_AI_for_fake_real_audio_detection/Data/Fake\fake_1372.wav,Fake,Real,9.959389e-06,0.99999,False
c:/Users/adity/Downloads/X_AI_for_fake_real_audio_detection/Data/Fake\fake_1374.wav,Fake,Real,0.00020731658,0.99979275,False
c:/Users/adity/Downloads/X_AI_for_fake_real_audio_detection/Data/Fake\fake_1375.wav,Fake,Real,1.7570123e-05,0.9999825,False
c:/Users/adity/Downloads/X_AI_for_fake_real_audio_detection/Data/Fake\fake_1376.wav,Fake,Real,4.1801894e-05,0.99995816,False
c:/Users/adity/Downloads/X_AI_for_fake_real_audio_detection/Data/Fake\fake_1378.wav,Fake,Real,0.0025804024,0.9974196,False
c:/Users/adity/Downloads/X_AI_for_fake_real_audio_detection/Data/Fake\fake_138.wav,Fake,Real,0.0019995796,0.99800044,False
c:/Users/adity/Downloads/X_AI_for_fake_real_audio_detection/Data/Fake\fake_1380.wav,Fake,Real,8.9325374e-07,0.99999917,False
c:/Users/adity/Downloads/X_AI_for_fake_real_audio_detection/Data/Fake\fake_1381.wav,Fake,Real,0.22230323,0.7776968,False
c:/Users/adity/Downloads/X_AI_for_fake_real_audio_detection/Data/Fake\fake_1384.wav,Fake,Fake,0.85757035,0.14242963,True
c:/Users/adity/Downloads/X_AI_for_fake_real_audio_detection/Data/Fake\fake_1385.wav,Fake,Real,0.028474025,0.97152597,False
c:/Users/adity/Downloads/X_AI_for_fake_real_audio_detection/Data/Fake\fake_1387.wav,Fake,Real,0.0054907505,0.9945093,False
c:/Users/adity/Downloads/X_AI_for_fake_real_audio_detection/Data/Fake\fake_139.wav,Fake,Fake,0.998774,0.0012259837,True
c:/Users/adity/Downloads/X_AI_for_fake_real_audio_detection/Data/Fake\fake_1391.wav,Fake,Real,0.000104946506,0.9998951,False
c:/Users/adity/Downloads/X_AI_for_fake_real_audio_detection/Data/Fake\fake_1392.wav,Fake,Real,0.4254363,0.57456374,False
c:/Users/adity/Downloads/X_AI_for_fake_real_audio_detection/Data/Fake\fake_1394.wav,Fake,Real,8.9514765e-07,0.99999905,False
c:/Users/adity/Downloads/X_AI_for_fake_real_audio_detection/Data/Fake\fake_1396.wav,Fake,Real,0.007954278,0.99204576,False
c:/Users/adity/Downloads/X_AI_for_fake_real_audio_detection/Data/Fake\fake_1397.wav,Fake,Fake,0.98615175,0.013848324,True
c:/Users/adity/Downloads/X_AI_for_fake_real_audio_detection/Data/Fake\fake_1398.wav,Fake,Real,0.00046404934,0.9995359,False
c:/Users/adity/Downloads/X_AI_for_fake_real_audio_detection/Data/Fake\fake_1399.wav,Fake,Real,0.00092654146,0.9990734,False
c:/Users/adity/Downloads/X_AI_for_fake_real_audio_detection/Data/Fake\fake_140.wav,Fake,Fake,0.9997603,0.0002397294,True
c:/Users/adity/Downloads/X_AI_for_fake_real_audio_detection/Data/Fake\fake_1400.wav,Fake,Real,0.17749548,0.8225046,False
c:/Users/adity/Downloads/X_AI_for_fake_real_audio_detection/Data/Fake\fake_1401.wav,Fake,Real,0.0077769593,0.9922231,False
c:/Users/adity/Downloads/X_AI_for_fake_real_audio_detection/Data/Fake\fake_1402.wav,Fake,Real,1.6031694e-05,0.999984,False
c:/Users/adity/Downloads/X_AI_for_fake_real_audio_detection/Data/Fake\fake_1404.wav,Fake,Real,0.20932096,0.79067904,False
c:/Users/adity/Downloads/X_AI_for_fake_real_audio_detection/Data/Fake\fake_1405.wav,Fake,Real,0.00013825341,0.9998617,False
c:/Users/adity/Downloads/X_AI_for_fake_real_audio_detection/Data/Fake\fake_1406.wav,Fake,Real,0.002364524,0.9976355,False
c:/Users/adity/Downloads/X_AI_for_fake_real_audio_detection/Data/Fake\fake_1407.wav,Fake,Real,0.12149551,0.8785046,False
c:/Users/adity/Downloads/X_AI_for_fake_real_audio_detection/Data/Fake\fake_1408.wav,Fake,Real,0.00063300994,0.99936706,False
c:/Users/adity/Downloads/X_AI_for_fake_real_audio_detection/Data/Fake\fake_1409.wav,Fake,Real,0.0017134257,0.99828655,False
c:/Users/adity/Downloads/X_AI_for_fake_real_audio_detection/Data/Fake\fake_1410.wav,Fake,Real,5.057483e-05,0.99994946,False
c:/Users/adity/Downloads/X_AI_for_fake_real_audio_detection/Data/Fake\fake_1411.wav,Fake,Real,0.00033449315,0.9996655,False
c:/Users/adity/Downloads/X_AI_for_fake_real_audio_detection/Data/Fake\fake_1412.wav,Fake,Real,5.2030355e-05,0.999948,False
c:/Users/adity/Downloads/X_AI_for_fake_real_audio_detection/Data/Fake\fake_1414.wav,Fake,Real,2.879633e-06,0.99999714,False
c:/Users/adity/Downloads/X_AI_for_fake_real_audio_detection/Data/Fake\fake_1417.wav,Fake,Real,0.00014678274,0.99985325,False
c:/Users/adity/Downloads/X_AI_for_fake_real_audio_detection/Data/Fake\fake_1418.wav,Fake,Real,1.116764e-05,0.9999888,False
c:/Users/adity/Downloads/X_AI_for_fake_real_audio_detection/Data/Fake\fake_1419.wav,Fake,Real,8.02152e-06,0.999992,False
c:/Users/adity/Downloads/X_AI_for_fake_real_audio_detection/Data/Fake\fake_142.wav,Fake,Real,7.885337e-05,0.9999211,False
c:/Users/adity/Downloads/X_AI_for_fake_real_audio_detection/Data/Fake\fake_1420.wav,Fake,Real,0.0006959922,0.99930406,False
c:/Users/adity/Downloads/X_AI_for_fake_real_audio_detection/Data/Real\real_1.wav,Real,Fake,0.9999888,1.1197575e-05,False
c:/Users/adity/Downloads/X_AI_for_fake_real_audio_detection/Data/Real\real_10.wav,Real,Fake,0.9999895,1.0501785e-05,False
c:/Users/adity/Downloads/X_AI_for_fake_real_audio_detection/Data/Real\real_100.wav,Real,Fake,0.99985075,0.00014917749,False
c:/Users/adity/Downloads/X_AI_for_fake_real_audio_detection/Data/Real\real_1000.wav,Real,Fake,0.99999213,7.923041e-06,False
c:/Users/adity/Downloads/X_AI_for_fake_real_audio_detection/Data/Real\real_1001.wav,Real,Fake,0.99998665,1.3367439e-05,False
c:/Users/adity/Downloads/X_AI_for_fake_real_audio_detection/Data/Real\real_1002.wav,Real,Fake,0.9999976,2.4218677e-06,False
c:/Users/adity/Downloads/X_AI_for_fake_real_audio_detection/Data/Real\real_1003.wav,Real,Fake,0.9999846,1.5414334e-05,False
c:/Users/adity/Downloads/X_AI_for_fake_real_audio_detection/Data/Real\real_1004.wav,Real,Fake,0.99998593,1.404895e-05,False
c:/Users/adity/Downloads/X_AI_for_fake_real_audio_detection/Data/Real\real_1005.wav,Real,Fake,0.99998546,1.4592494e-05,False
c:/Users/adity/Downloads/X_AI_for_fake_real_audio_detection/Data/Real\real_1006.wav,Real,Fake,0.9999937,6.3096923e-06,False
c:/Users/adity/Downloads/X_AI_for_fake_real_audio_detection/Data/Real\real_1007.wav,Real,Fake,0.999966,3.3914766e-05,False
c:/Users/adity/Downloads/X_AI_for_fake_real_audio_detection/Data/Real\real_1008.wav,Real,Fake,0.9999888,1.1230975e-05,False
c:/Users/adity/Downloads/X_AI_for_fake_real_audio_detection/Data/Real\real_1009.wav,Real,Fake,0.9999888,1.1227891e-05,False
c:/Users/adity/Downloads/X_AI_for_fake_real_audio_detection/Data/Real\real_1010.wav,Real,Fake,0.99999285,7.165697e-06,False
c:/Users/adity/Downloads/X_AI_for_fake_real_audio_detection/Data/Real\real_1011.wav,Real,Fake,0.9999894,1.06024245e-05,False
c:/Users/adity/Downloads/X_AI_for_fake_real_audio_detection/Data/Real\real_1012.wav,Real,Fake,0.999985,1.4988226e-05,False
c:/Users/adity/Downloads/X_AI_for_fake_real_audio_detection/Data/Real\real_1013.wav,Real,Fake,0.99999297,7.0179585e-06,False
c:/Users/adity/Downloads/X_AI_for_fake_real_audio_detection/Data/Real\real_1015.wav,Real,Fake,0.9999889,1.1082414e-05,False
c:/Users/adity/Downloads/X_AI_for_fake_real_audio_detection/Data/Real\real_1016.wav,Real,Fake,0.99998903,1.0912928e-05,False
c:/Users/adity/Downloads/X_AI_for_fake_real_audio_detection/Data/Real\real_1017.wav,Real,Fake,0.99998736,1.263511e-05,False
c:/Users/adity/Downloads/X_AI_for_fake_real_audio_detection/Data/Real\real_1018.wav,Real,Fake,0.9999902,9.780162e-06,False
c:/Users/adity/Downloads/X_AI_for_fake_real_audio_detection/Data/Real\real_102.wav,Real,Fake,0.9868001,0.01319987,False
c:/Users/adity/Downloads/X_AI_for_fake_real_audio_detection/Data/Real\real_1021.wav,Real,Fake,0.9999888,1.1168886e-05,False
c:/Users/adity/Downloads/X_AI_for_fake_real_audio_detection/Data/Real\real_1022.wav,Real,Fake,0.999946,5.396418e-05,False
c:/Users/adity/Downloads/X_AI_for_fake_real_audio_detection/Data/Real\real_1023.wav,Real,Fake,0.99993825,6.17425e-05,False
c:/Users/adity/Downloads/X_AI_for_fake_real_audio_detection/Data/Real\real_1025.wav,Real,Fake,0.9992205,0.00077946926,False
c:/Users/adity/Downloads/X_AI_for_fake_real_audio_detection/Data/Real\real_1026.wav,Real,Fake,0.9999325,6.7486486e-05,False
c:/Users/adity/Downloads/X_AI_for_fake_real_audio_detection/Data/Real\real_1027.wav,Real,Fake,0.99987376,0.00012621423,False
c:/Users/adity/Downloads/X_AI_for_fake_real_audio_detection/Data/Real\real_1028.wav,Real,Fake,0.99753547,0.0024645235,False
c:/Users/adity/Downloads/X_AI_for_fake_real_audio_detection/Data/Real\real_1029.wav,Real,Fake,0.99991274,8.729215e-05,False
c:/Users/adity/Downloads/X_AI_for_fake_real_audio_detection/Data/Real\real_103.wav,Real,Real,0.001277098,0.99872285,True
c:/Users/adity/Downloads/X_AI_for_fake_real_audio_detection/Data/Real\real_1030.wav,Real,Fake,0.99989724,0.0001026998,False
c:/Users/adity/Downloads/X_AI_for_fake_real_audio_detection/Data/Real\real_1031.wav,Real,Fake,0.99990654,9.34527e-05,False
c:/Users/adity/Downloads/X_AI_for_fake_real_audio_detection/Data/Real\real_1032.wav,Real,Fake,0.99997735,2.2630124e-05,False
c:/Users/adity/Downloads/X_AI_for_fake_real_audio_detection/Data/Real\real_1033.wav,Real,Fake,0.9999387,6.128566e-05,False
c:/Users/adity/Downloads/X_AI_for_fake_real_audio_detection/Data/Real\real_1034.wav,Real,Fake,0.99993753,6.251156e-05,False
c:/Users/adity/Downloads/X_AI_for_fake_real_audio_detection/Data/Real\real_1035.wav,Real,Fake,0.9997886,0.00021145123,False
c:/Users/adity/Downloads/X_AI_for_fake_real_audio_detection/Data/Real\real_1036.wav,Real,Fake,0.9999275,7.242258e-05,False
c:/Users/adity/Downloads/X_AI_for_fake_real_audio_detection/Data/Real\real_1037.wav,Real,Fake,0.9999354,6.4565415e-05,False
c:/Users/adity/Downloads/X_AI_for_fake_real_audio_detection/Data/Real\real_1039.wav,Real,Fake,0.99973696,0.00026298445,False
c:/Users/adity/Downloads/X_AI_for_fake_real_audio_detection/Data/Real\real_104.wav,Real,Fake,0.7106617,0.28933835,False
c:/Users/adity/Downloads/X_AI_for_fake_real_audio_detection/Data/Real\real_1040.wav,Real,Fake,0.71808654,0.28191343,False
c:/Users/adity/Downloads/X_AI_for_fake_real_audio_detection/Data/Real\real_1043.wav,Real,Fake,0.99949074,0.00050925405,False
c:/Users/adity/Downloads/X_AI_for_fake_real_audio_detection/Data/Real\real_1045.wav,Real,Fake,0.99995613,4.3916927e-05,False
c:/Users/adity/Downloads/X_AI_for_fake_real_audio_detection/Data/Real\real_1046.wav,Real,Fake,0.99984014,0.00015978054,False
c:/Users/adity/Downloads/X_AI_for_fake_real_audio_detection/Data/Real\real_1047.wav,Real,Fake,0.9999088,9.12008e-05,False
c:/Users/adity/Downloads/X_AI_for_fake_real_audio_detection/Data/Real\real_1048.wav,Real,Fake,0.9999672,3.27647e-05,False
c:/Users/adity/Downloads/X_AI_for_fake_real_audio_detection/Data/Real\real_105.wav,Real,Fake,0.99980646,0.00019358199,False
c:/Users/adity/Downloads/X_AI_for_fake_real_audio_detection/Data/Real\real_1050.wav,Real,Fake,0.9999602,3.981544e-05,False
c:/Users/adity/Downloads/X_AI_for_fake_real_audio_detection/Data/Real\real_1051.wav,Real,Fake,0.9997092,0.00029076953,False
c:/Users/adity/Downloads/X_AI_for_fake_real_audio_detection/Data/Real\real_1052.wav,Real,Fake,0.9999114,8.85494e-05,False
c:/Users/adity/Downloads/X_AI_for_fake_real_audio_detection/Data/Real\real_1053.wav,Real,Fake,0.99986005,0.00013989327,False
c:/Users/adity/Downloads/X_AI_for_fake_real_audio_detection/Data/Real\real_1054.wav,Real,Fake,0.9996561,0.00034396866,False
c:/Users/adity/Downloads/X_AI_for_fake_real_audio_detection/Data/Real\real_1055.wav,Real,Fake,0.99990785,9.218331e-05,False
c:/Users/adity/Downloads/X_AI_for_fake_real_audio_detection/Data/Real\real_1056.wav,Real,Fake,0.9997743,0.00022569139,False
c:/Users/adity/Downloads/X_AI_for_fake_real_audio_detection/Data/Real\real_1058.wav,Real,Fake,0.9998541,0.0001459164,False
c:/Users/adity/Downloads/X_AI_for_fake_real_audio_detection/Data/Real\real_106.wav,Real,Fake,0.99980515,0.00019487854,False
c:/Users/adity/Downloads/X_AI_for_fake_real_audio_detection/Data/Real\real_1062.wav,Real,Fake,0.9950185,0.004981485,False
c:/Users/adity/Downloads/X_AI_for_fake_real_audio_detection/Data/Real\real_1063.wav,Real,Fake,0.9998863,0.00011376927,False
c:/Users/adity/Downloads/X_AI_for_fake_real_audio_detection/Data/Real\real_1065.wav,Real,Fake,0.9998223,0.00017772855,False
c:/Users/adity/Downloads/X_AI_for_fake_real_audio_detection/Data/Real\real_1066.wav,Real,Fake,0.9999577,4.2339332e-05,False
c:/Users/adity/Downloads/X_AI_for_fake_real_audio_detection/Data/Real\real_1068.wav,Real,Fake,0.9996402,0.000359754,False
c:/Users/adity/Downloads/X_AI_for_fake_real_audio_detection/Data/Real\real_1069.wav,Real,Fake,0.99991345,8.657342e-05,False
c:/Users/adity/Downloads/X_AI_for_fake_real_audio_detection/Data/Real\real_107.wav,Real,Fake,0.999933,6.6951114e-05,False
c:/Users/adity/Downloads/X_AI_for_fake_real_audio_detection/Data/Real\real_1070.wav,Real,Fake,0.99979717,0.00020279601,False
c:/Users/adity/Downloads/X_AI_for_fake_real_audio_detection/Data/Real\real_1071.wav,Real,Fake,0.99989724,0.00010269941,False
c:/Users/adity/Downloads/X_AI_for_fake_real_audio_detection/Data/Real\real_1072.wav,Real,Fake,0.9999144,8.55742e-05,False
c:/Users/adity/Downloads/X_AI_for_fake_real_audio_detection/Data/Real\real_1073.wav,Real,Fake,0.9996662,0.00033380443,False
c:/Users/adity/Downloads/X_AI_for_fake_real_audio_detection/Data/Real\real_1074.wav,Real,Fake,0.9994634,0.0005366663,False
c:/Users/adity/Downloads/X_AI_for_fake_real_audio_detection/Data/Real\real_1075.wav,Real,Fake,0.9699499,0.03005009,False
c:/Users/adity/Downloads/X_AI_for_fake_real_audio_detection/Data/Real\real_1076.wav,Real,Real,0.21821447,0.78178555,True
c:/Users/adity/Downloads/X_AI_for_fake_real_audio_detection/Data/Real\real_1077.wav,Real,Fake,0.9997062,0.00029380023,False
c:/Users/adity/Downloads/X_AI_for_fake_real_audio_detection/Data/Real\real_1078.wav,Real,Fake,0.9995491,0.0004509434,False
c:/Users/adity/Downloads/X_AI_for_fake_real_audio_detection/Data/Real\real_1079.wav,Real,Fake,0.9997676,0.00023237977,False
c:/Users/adity/Downloads/X_AI_for_fake_real_audio_detection/Data/Real\real_108.wav,Real,Fake,0.9217347,0.0782653,False
c:/Users/adity/Downloads/X_AI_for_fake_real_audio_detection/Data/Real\real_1080.wav,Real,Fake,0.9995863,0.00041372387,False
c:/Users/adity/Downloads/X_AI_for_fake_real_audio_detection/Data/Real\real_1081.wav,Real,Fake,0.99988854,0.00011141208,False
c:/Users/adity/Downloads/X_AI_for_fake_real_audio_detection/Data/Real\real_1082.wav,Real,Fake,0.9999641,3.587282e-05,False
c:/Users/adity/Downloads/X_AI_for_fake_real_audio_detection/Data/Real\real_1083.wav,Real,Fake,0.9999094,9.0646856e-05,False
c:/Users/adity/Downloads/X_AI_for_fake_real_audio_detection/Data/Real\real_1084.wav,Real,Fake,0.99993837,6.160817e-05,False
c:/Users/adity/Downloads/X_AI_for_fake_real_audio_detection/Data/Real\real_1086.wav,Real,Fake,0.9999304,6.959918e-05,False
c:/Users/adity/Downloads/X_AI_for_fake_real_audio_detection/Data/Real\real_1087.wav,Real,Fake,0.9999523,4.7645648e-05,False
c:/Users/adity/Downloads/X_AI_for_fake_real_audio_detection/Data/Real\real_109.wav,Real,Fake,0.99988425,0.0001156977,False
c:/Users/adity/Downloads/X_AI_for_fake_real_audio_detection/Data/Real\real_1090.wav,Real,Fake,0.99989307,0.00010693955,False
c:/Users/adity/Downloads/X_AI_for_fake_real_audio_detection/Data/Real\real_1091.wav,Real,Fake,0.99985814,0.00014178494,False
c:/Users/adity/Downloads/X_AI_for_fake_real_audio_detection/Data/Real\real_1092.wav,Real,Fake,0.99996746,3.257764e-05,False
c:/Users/adity/Downloads/X_AI_for_fake_real_audio_detection/Data/Real\real_1094.wav,Real,Fake,0.99983966,0.00016036836,False
c:/Users/adity/Downloads/X_AI_for_fake_real_audio_detection/Data/Real\real_1095.wav,Real,Fake,0.99989486,0.00010518515,False
c:/Users/adity/Downloads/X_AI_for_fake_real_audio_detection/Data/Real\real_1096.wav,Real,Fake,0.99990606,9.3957206e-05,False
c:/Users/adity/Downloads/X_AI_for_fake_real_audio_detection/Data/Real\real_1098.wav,Real,Fake,0.9999356,6.4374275e-05,False
c:/Users/adity/Downloads/X_AI_for_fake_real_audio_detection/Data/Real\real_11.wav,Real,Fake,0.99999285,7.1698532e-06,False
c:/Users/adity/Downloads/X_AI_for_fake_real_audio_detection/Data/Real\real_110.wav,Real,Real,0.21011356,0.7898864,True
c:/Users/adity/Downloads/X_AI_for_fake_real_audio_detection/Data/Real\real_1100.wav,Real,Fake,0.99993134,6.8625755e-05,False
c:/Users/adity/Downloads/X_AI_for_fake_real_audio_detection/Data/Real\real_1102.wav,Real,Fake,0.9999341,6.590102e-05,False
c:/Users/adity/Downloads/X_AI_for_fake_real_audio_detection/Data/Real\real_1103.wav,Real,Fake,0.99989843,0.000101540994,False
c:/Users/adity/Downloads/X_AI_for_fake_real_audio_detection/Data/Real\real_1104.wav,Real,Fake,0.99994195,5.8107235e-05,False
c:/Users/adity/Downloads/X_AI_for_fake_real_audio_detection/Data/Real\real_1105.wav,Real,Fake,0.9999112,8.8815366e-05,False
c:/Users/adity/Downloads/X_AI_for_fake_real_audio_detection/Data/Real\real_1108.wav,Real,Fake,0.9999151,8.492322e-05,False
c:/Users/adity/Downloads/X_AI_for_fake_real_audio_detection/Data/Real\real_1109.wav,Real,Fake,0.99984777,0.00015219359,False
c:/Users/adity/Downloads/X_AI_for_fake_real_audio_detection/Data/Real\real_1110.wav,Real,Fake,0.9999454,5.463297e-05,False
c:/Users/adity/Downloads/X_AI_for_fake_real_audio_detection/Data/Real\real_1111.wav,Real,Fake,0.99995387,4.6088044e-05,False
c:/Users/adity/Downloads/X_AI_for_fake_real_audio_detection/Data/Real\real_1112.wav,Real,Fake,0.9999527,4.7285706e-05,False
c:/Users/adity/Downloads/X_AI_for_fake_real_audio_detection/Data/Real\real_1114.wav,Real,Fake,0.9999386,6.136747e-05,False
c:/Users/adity/Downloads/X_AI_for_fake_real_audio_detection/Data/Real\real_1115.wav,Real,Fake,0.99984,0.000159958,False
c:/Users/adity/Downloads/X_AI_for_fake_real_audio_detection/Data/Real\real_1116.wav,Real,Fake,0.9999757,2.428282e-05,False
c:/Users/adity/Downloads/X_AI_for_fake_real_audio_detection/Data/Real\real_1117.wav,Real,Fake,0.99995434,4.5658115e-05,False
c:/Users/adity/Downloads/X_AI_for_fake_real_audio_detection/Data/Real\real_1118.wav,Real,Fake,0.99996626,3.372204e-05,False
c:/Users/adity/Downloads/X_AI_for_fake_real_audio_detection/Data/Real\real_1120.wav,Real,Fake,0.9999541,4.5845856e-05,False
c:/Users/adity/Downloads/X_AI_for_fake_real_audio_detection/Data/Real\real_1121.wav,Real,Fake,0.99992347,7.655179e-05,False
c:/Users/adity/Downloads/X_AI_for_fake_real_audio_detection/Data/Real\real_1122.wav,Real,Fake,0.99989295,0.00010702483,False
c:/Users/adity/Downloads/X_AI_for_fake_real_audio_detection/Data/Real\real_1123.wav,Real,Fake,0.9999627,3.72882e-05,False
c:/Users/adity/Downloads/X_AI_for_fake_real_audio_detection/Data/Real\real_1124.wav,Real,Fake,0.9999274,7.259067e-05,False
c:/Users/adity/Downloads/X_AI_for_fake_real_audio_detection/Data/Real\real_1125.wav,Real,Fake,0.9999312,6.881554e-05,False
c:/Users/adity/Downloads/X_AI_for_fake_real_audio_detection/Data/Real\real_1126.wav,Real,Fake,0.9999535,4.647139e-05,False
c:/Users/adity/Downloads/X_AI_for_fake_real_audio_detection/Data/Real\real_1127.wav,Real,Fake,0.9999732,2.6870208e-05,False
c:/Users/adity/Downloads/X_AI_for_fake_real_audio_detection/Data/Real\real_1128.wav,Real,Fake,0.9999336,6.638834e-05,False
c:/Users/adity/Downloads/X_AI_for_fake_real_audio_detection/Data/Real\real_1129.wav,Real,Fake,0.9998312,0.00016877969,False
c:/Users/adity/Downloads/X_AI_for_fake_real_audio_detection/Data/Real\real_113.wav,Real,Fake,0.99990475,9.528853e-05,False
c:/Users/adity/Downloads/X_AI_for_fake_real_audio_detection/Data/Real\real_1130.wav,Real,Fake,0.9999255,7.4537464e-05,False
c:/Users/adity/Downloads/X_AI_for_fake_real_audio_detection/Data/Real\real_1131.wav,Real,Fake,0.99994826,5.171973e-05,False
c:/Users/adity/Downloads/X_AI_for_fake_real_audio_detection/Data/Real\real_1132.wav,Real,Fake,0.99996245,3.7574333e-05,False
c:/Users/adity/Downloads/X_AI_for_fake_real_audio_detection/Data/Real\real_1133.wav,Real,Fake,0.9999325,6.751044e-05,False
c:/Users/adity/Downloads/X_AI_for_fake_real_audio_detection/Data/Real\real_1134.wav,Real,Fake,0.9999784,2.1519436e-05,False
c:/Users/adity/Downloads/X_AI_for_fake_real_audio_detection/Data/Real\real_1135.wav,Real,Fake,0.99986994,0.00012998842,False
c:/Users/adity/Downloads/X_AI_for_fake_real_audio_detection/Data/Real\real_1136.wav,Real,Fake,0.9999285,7.1571594e-05,False
c:/Users/adity/Downloads/X_AI_for_fake_real_audio_detection/Data/Real\real_1137.wav,Real,Fake,0.99992895,7.1074275e-05,False
c:/Users/adity/Downloads/X_AI_for_fake_real_audio_detection/Data/Real\real_1138.wav,Real,Fake,0.9998578,0.00014216805,False
c:/Users/adity/Downloads/X_AI_for_fake_real_audio_detection/Data/Real\real_1139.wav,Real,Fake,0.9999486,5.138416e-05,False
c:/Users/adity/Downloads/X_AI_for_fake_real_audio_detection/Data/Real\real_114.wav,Real,Fake,0.9753862,0.024613785,False
c:/Users/adity/Downloads/X_AI_for_fake_real_audio_detection/Data/Real\real_1140.wav,Real,Fake,0.9999716,2.8345848e-05,False
c:/Users/adity/Downloads/X_AI_for_fake_real_audio_detection/Data/Real\real_1141.wav,Real,Fake,0.6581219,0.3418781,False
c:/Users/adity/Downloads/X_AI_for_fake_real_audio_detection/Data/Real\real_1142.wav,Real,Fake,0.98467755,0.015322404,False
c:/Users/adity/Downloads/X_AI_for_fake_real_audio_detection/Data/Real\real_1143.wav,Real,Real,0.0016472191,0.99835277,True
c:/Users/adity/Downloads/X_AI_for_fake_real_audio_detection/Data/Real\real_1144.wav,Real,Real,0.016833562,0.98316646,True
c:/Users/adity/Downloads/X_AI_for_fake_real_audio_detection/Data/Real\real_1146.wav,Real,Real,0.0015300268,0.99847,True
c:/Users/adity/Downloads/X_AI_for_fake_real_audio_detection/Data/Real\real_1147.wav,Real,Real,0.36658874,0.6334113,True
c:/Users/adity/Downloads/X_AI_for_fake_real_audio_detection/Data/Real\real_1148.wav,Real,Real,0.17102996,0.82897,True
c:/Users/adity/Downloads/X_AI_for_fake_real_audio_detection/Data/Real\real_1149.wav,Real,Real,0.0003715735,0.9996284,True
c:/Users/adity/Downloads/X_AI_for_fake_real_audio_detection/Data/Real\real_1150.wav,Real,Fake,0.9995503,0.0004496477,False
c:/Users/adity/Downloads/X_AI_for_fake_real_audio_detection/Data/Real\real_1151.wav,Real,Fake,0.99973387,0.00026612342,False
c:/Users/adity/Downloads/X_AI_for_fake_real_audio_detection/Data/Real\real_1152.wav,Real,Real,0.08237523,0.9176248,True
c:/Users/adity/Downloads/X_AI_for_fake_real_audio_detection/Data/Real\real_1153.wav,Real,Real,0.0079076765,0.9920923,True
c:/Users/adity/Downloads/X_AI_for_fake_real_audio_detection/Data/Real\real_1156.wav,Real,Fake,0.9997725,0.0002275136,False
c:/Users/adity/Downloads/X_AI_for_fake_real_audio_detection/Data/Real\real_1157.wav,Real,Fake,0.9957282,0.0042717676,False
c:/Users/adity/Downloads/X_AI_for_fake_real_audio_detection/Data/Real\real_1159.wav,Real,Real,0.34455934,0.6554406,True
c:/Users/adity/Downloads/X_AI_for_fake_real_audio_detection/Data/Real\real_1160.wav,Real,Real,0.039690413,0.9603096,True
c:/Users/adity/Downloads/X_AI_for_fake_real_audio_detection/Data/Real\real_1161.wav,Real,Fake,0.99954754,0.00045246744,False
c:/Users/adity/Downloads/X_AI_for_fake_real_audio_detection/Data/Real\real_1162.wav,Real,Real,0.00094743806,0.9990526,True
c:/Users/adity/Downloads/X_AI_for_fake_real_audio_detection/Data/Real\real_1163.wav,Real,Real,0.0025622942,0.9974377,True
c:/Users/adity/Downloads/X_AI_for_fake_real_audio_detection/Data/Real\real_1166.wav,Real,Fake,0.78796357,0.21203645,False
c:/Users/adity/Downloads/X_AI_for_fake_real_audio_detection/Data/Real\real_1167.wav,Real,Real,0.008001549,0.9919985,True
c:/Users/adity/Downloads/X_AI_for_fake_real_audio_detection/Data/Real\real_1169.wav,Real,Real,0.0008022093,0.9991978,True
c:/Users/adity/Downloads/X_AI_for_fake_real_audio_detection/Data/Real\real_117.wav,Real,Real,0.0042283935,0.9957716,True
c:/Users/adity/Downloads/X_AI_for_fake_real_audio_detection/Data/Real\real_1170.wav,Real,Real,0.0086688595,0.9913311,True
c:/Users/adity/Downloads/X_AI_for_fake_real_audio_detection/Data/Real\real_1172.wav,Real,Fake,0.99997926,2.0795285e-05,False
c:/Users/adity/Downloads/X_AI_for_fake_real_audio_detection/Data/Real\real_1173.wav,Real,Fake,0.9999815,1.8530513e-05,False
c:/Users/adity/Downloads/X_AI_for_fake_real_audio_detection/Data/Real\real_1174.wav,Real,Fake,0.9999465,5.3521228e-05,False
c:/Users/adity/Downloads/X_AI_for_fake_real_audio_detection/Data/Real\real_1176.wav,Real,Fake,0.99996436,3.5643738e-05,False
c:/Users/adity/Downloads/X_AI_for_fake_real_audio_detection/Data/Real\real_1177.wav,Real,Fake,0.9999789,2.1080514e-05,False
c:/Users/adity/Downloads/X_AI_for_fake_real_audio_detection/Data/Real\real_1178.wav,Real,Fake,0.99997497,2.5012034e-05,False
c:/Users/adity/Downloads/X_AI_for_fake_real_audio_detection/Data/Real\real_1179.wav,Real,Fake,0.99998724,1.275746e-05,False
c:/Users/adity/Downloads/X_AI_for_fake_real_audio_detection/Data/Real\real_118.wav,Real,Fake,0.93786395,0.062136028,False
c:/Users/adity/Downloads/X_AI_for_fake_real_audio_detection/Data/Real\real_1180.wav,Real,Fake,0.9999894,1.0620307e-05,False
c:/Users/adity/Downloads/X_AI_for_fake_real_audio_detection/Data/Real\real_1182.wav,Real,Fake,0.9997472,0.0002527647,False
c:/Users/adity/Downloads/X_AI_for_fake_real_audio_detection/Data/Real\real_1183.wav,Real,Fake,0.9997962,0.00020378883,False
c:/Users/adity/Downloads/X_AI_for_fake_real_audio_detection/Data/Real\real_1184.wav,Real,Fake,0.9999751,2.4896852e-05,False
c:/Users/adity/Downloads/X_AI_for_fake_real_audio_detection/Data/Real\real_1185.wav,Real,Fake,0.9999813,1.8753752e-05,False
c:/Users/adity/Downloads/X_AI_for_fake_real_audio_detection/Data/Real\real_1186.wav,Real,Fake,0.99997866,2.1359348e-05,False
c:/Users/adity/Downloads/X_AI_for_fake_real_audio_detection/Data/Real\real_1187.wav,Real,Fake,0.99997985,2.0159974e-05,False
c:/Users/adity/Downloads/X_AI_for_fake_real_audio_detection/Data/Real\real_1190.wav,Real,Fake,0.9999795,2.0522815e-05,False
c:/Users/adity/Downloads/X_AI_for_fake_real_audio_detection/Data/Real\real_1191.wav,Real,Fake,0.99998426,1.5699037e-05,False
c:/Users/adity/Downloads/X_AI_for_fake_real_audio_detection/Data/Real\real_1192.wav,Real,Fake,0.9999416,5.8462843e-05,False
c:/Users/adity/Downloads/X_AI_for_fake_real_audio_detection/Data/Real\real_1193.wav,Real,Fake,0.99998605,1.39616e-05,False
c:/Users/adity/Downloads/X_AI_for_fake_real_audio_detection/Data/Real\real_1194.wav,Real,Fake,0.99998856,1.1458831e-05,False
c:/Users/adity/Downloads/X_AI_for_fake_real_audio_detection/Data/Real\real_1198.wav,Real,Fake,0.9999802,1.9826637e-05,False
c:/Users/adity/Downloads/X_AI_for_fake_real_audio_detection/Data/Real\real_1199.wav,Real,Fake,0.99997365,2.6294121e-05,False
c:/Users/adity/Downloads/X_AI_for_fake_real_audio_detection/Data/Real\real_12.wav,Real,Fake,0.9999858,1.4217034e-05,False
c:/Users/adity/Downloads/X_AI_for_fake_real_audio_detection/Data/Real\real_120.wav,Real,Fake,0.99989164,0.000108306616,False
c:/Users/adity/Downloads/X_AI_for_fake_real_audio_detection/Data/Real\real_1200.wav,Real,Fake,0.99997663,2.3375444e-05,False
c:/Users/adity/Downloads/X_AI_for_fake_real_audio_detection/Data/Real\real_1201.wav,Real,Fake,0.9999765,2.346863e-05,False
c:/Users/adity/Downloads/X_AI_for_fake_real_audio_detection/Data/Real\real_1202.wav,Real,Fake,0.99997675,2.326425e-05,False
c:/Users/adity/Downloads/X_AI_for_fake_real_audio_detection/Data/Real\real_1203.wav,Real,Fake,0.9999441,5.5936747e-05,False
c:/Users/adity/Downloads/X_AI_for_fake_real_audio_detection/Data/Real\real_1204.wav,Real,Fake,0.9999653,3.4723445e-05,False
c:/Users/adity/Downloads/X_AI_for_fake_real_audio_detection/Data/Real\real_1207.wav,Real,Fake,0.9999838,1.6187689e-05,False
c:/Users/adity/Downloads/X_AI_for_fake_real_audio_detection/Data/Real\real_1209.wav,Real,Fake,0.9999682,3.18335e-05,False
c:/Users/adity/Downloads/X_AI_for_fake_real_audio_detection/Data/Real\real_121.wav,Real,Fake,0.99998975,1.0310792e-05,False
c:/Users/adity/Downloads/X_AI_for_fake_real_audio_detection/Data/Real\real_1210.wav,Real,Fake,0.9999747,2.5313908e-05,False
c:/Users/adity/Downloads/X_AI_for_fake_real_audio_detection/Data/Real\real_1212.wav,Real,Fake,0.9999763,2.3717745e-05,False
c:/Users/adity/Downloads/X_AI_for_fake_real_audio_detection/Data/Real\real_1215.wav,Real,Fake,0.9999279,7.212691e-05,False
c:/Users/adity/Downloads/X_AI_for_fake_real_audio_detection/Data/Real\real_1216.wav,Real,Fake,0.99997866,2.1310396e-05,False
c:/Users/adity/Downloads/X_AI_for_fake_real_audio_detection/Data/Real\real_1217.wav,Real,Fake,0.9999752,2.4850644e-05,False
c:/Users/adity/Downloads/X_AI_for_fake_real_audio_detection/Data/Real\real_1218.wav,Real,Fake,0.99996746,3.2565244e-05,False
c:/Users/adity/Downloads/X_AI_for_fake_real_audio_detection/Data/Real\real_1219.wav,Real,Fake,0.9999728,2.7202082e-05,False
c:/Users/adity/Downloads/X_AI_for_fake_real_audio_detection/Data/Real\real_122.wav,Real,Fake,0.99998116,1.8806153e-05,False
c:/Users/adity/Downloads/X_AI_for_fake_real_audio_detection/Data/Real\real_1221.wav,Real,Fake,0.99993336,6.664257e-05,False
c:/Users/adity/Downloads/X_AI_for_fake_real_audio_detection/Data/Real\real_1222.wav,Real,Fake,0.99994445,5.556094e-05,False
c:/Users/adity/Downloads/X_AI_for_fake_real_audio_detection/Data/Real\real_1223.wav,Real,Fake,0.9999579,4.2082916e-05,False
c:/Users/adity/Downloads/X_AI_for_fake_real_audio_detection/Data/Real\real_1225.wav,Real,Fake,0.99997187,2.810017e-05,False
c:/Users/adity/Downloads/X_AI_for_fake_real_audio_detection/Data/Real\real_1226.wav,Real,Fake,0.99997914,2.0829144e-05,False
c:/Users/adity/Downloads/X_AI_for_fake_real_audio_detection/Data/Real\real_1228.wav,Real,Fake,0.9999647,3.52732e-05,False
c:/Users/adity/Downloads/X_AI_for_fake_real_audio_detection/Data/Real\real_1229.wav,Real,Fake,0.99997103,2.8954482e-05,False
c:/Users/adity/Downloads/X_AI_for_fake_real_audio_detection/Data/Real\real_123.wav,Real,Fake,0.9999821,1.7914315e-05,False
c:/Users/adity/Downloads/X_AI_for_fake_real_audio_detection/Data/Real\real_1230.wav,Real,Fake,0.99997735,2.2690525e-05,False
c:/Users/adity/Downloads/X_AI_for_fake_real_audio_detection/Data/Real\real_1232.wav,Real,Fake,0.9999927,7.317592e-06,False
c:/Users/adity/Downloads/X_AI_for_fake_real_audio_detection/Data/Real\real_1233.wav,Real,Fake,0.99999547,4.5770435e-06,False
c:/Users/adity/Downloads/X_AI_for_fake_real_audio_detection/Data/Real\real_1234.wav,Real,Fake,0.99999225,7.713612e-06,False
c:/Users/adity/Downloads/X_AI_for_fake_real_audio_detection/Data/Real\real_1235.wav,Real,Fake,0.9999976,2.3268028e-06,False
c:/Users/adity/Downloads/X_AI_for_fake_real_audio_detection/Data/Real\real_1236.wav,Real,Fake,0.99999416,5.824662e-06,False
c:/Users/adity/Downloads/X_AI_for_fake_real_audio_detection/Data/Real\real_1237.wav,Real,Fake,0.99999166,8.386979e-06,False
c:/Users/adity/Downloads/X_AI_for_fake_real_audio_detection/Data/Real\real_1238.wav,Real,Fake,0.9999888,1.126398e-05,False
c:/Users/adity/Downloads/X_AI_for_fake_real_audio_detection/Data/Real\real_1239.wav,Real,Fake,0.99998677,1.3274297e-05,False
c:/Users/adity/Downloads/X_AI_for_fake_real_audio_detection/Data/Real\real_124.wav,Real,Fake,0.9999796,2.0406187e-05,False
c:/Users/adity/Downloads/X_AI_for_fake_real_audio_detection/Data/Real\real_1240.wav,Real,Fake,0.9999907,9.275902e-06,False
c:/Users/adity/Downloads/X_AI_for_fake_real_audio_detection/Data/Real\real_1241.wav,Real,Fake,0.9999957,4.2728793e-06,False
c:/Users/adity/Downloads/X_AI_for_fake_real_audio_detection/Data/Real\real_1242.wav,Real,Fake,0.9999962,3.8017824e-06,False
c:/Users/adity/Downloads/X_AI_for_fake_real_audio_detection/Data/Real\real_1243.wav,Real,Fake,0.999992,8.034436e-06,False
c:/Users/adity/Downloads/X_AI_for_fake_real_audio_detection/Data/Real\real_1244.wav,Real,Fake,0.9999945,5.5127775e-06,False
c:/Users/adity/Downloads/X_AI_for_fake_real_audio_detection/Data/Real\real_1245.wav,Real,Fake,0.99999416,5.8521005e-06,False
c:/Users/adity/Downloads/X_AI_for_fake_real_audio_detection/Data/Real\real_1247.wav,Real,Fake,0.99999356,6.3783477e-06,False
c:/Users/adity/Downloads/X_AI_for_fake_real_audio_detection/Data/Real\real_1248.wav,Real,Fake,0.9999913,8.730661e-06,False
c:/Users/adity/Downloads/X_AI_for_fake_real_audio_detection/Data/Real\real_1249.wav,Real,Fake,0.99999464,5.3080266e-06,False
c:/Users/adity/Downloads/X_AI_for_fake_real_audio_detection/Data/Real\real_125.wav,Real,Fake,0.9999839,1.6118138e-05,False
c:/Users/adity/Downloads/X_AI_for_fake_real_audio_detection/Data/Real\real_1250.wav,Real,Fake,0.999995,4.9503124e-06,False
c:/Users/adity/Downloads/X_AI_for_fake_real_audio_detection/Data/Real\real_1253.wav,Real,Fake,0.9999943,5.723247e-06,False
c:/Users/adity/Downloads/X_AI_for_fake_real_audio_detection/Data/Real\real_1254.wav,Real,Fake,0.9999912,8.8012675e-06,False
c:/Users/adity/Downloads/X_AI_for_fake_real_audio_detection/Data/Real\real_1255.wav,Real,Fake,0.9999877,1.2223294e-05,False
c:/Users/adity/Downloads/X_AI_for_fake_real_audio_detection/Data/Real\real_1256.wav,Real,Fake,0.9999963,3.754278e-06,False
c:/Users/adity/Downloads/X_AI_for_fake_real_audio_detection/Data/Real\real_1257.wav,Real,Fake,0.99999666,3.3598367e-06,False
c:/Users/adity/Downloads/X_AI_for_fake_real_audio_detection/Data/Real\real_1258.wav,Real,Fake,0.99999654,3.4278746e-06,False
c:/Users/adity/Downloads/X_AI_for_fake_real_audio_detection/Data/Real\real_1260.wav,Real,Fake,0.99999344,6.601082e-06,False
c:/Users/adity/Downloads/X_AI_for_fake_real_audio_detection/Data/Real\real_1261.wav,Real,Fake,0.9999056,9.443488e-05,False
c:/Users/adity/Downloads/X_AI_for_fake_real_audio_detection/Data/Real\real_1262.wav,Real,Fake,0.9991248,0.00087514275,False
c:/Users/adity/Downloads/X_AI_for_fake_real_audio_detection/Data/Real\real_1263.wav,Real,Fake,0.999721,0.00027897223,False
c:/Users/adity/Downloads/X_AI_for_fake_real_audio_detection/Data/Real\real_1264.wav,Real,Fake,0.99842995,0.0015699981,False
c:/Users/adity/Downloads/X_AI_for_fake_real_audio_detection/Data/Real\real_1269.wav,Real,Fake,0.99966943,0.00033056914,False
c:/Users/adity/Downloads/X_AI_for_fake_real_audio_detection/Data/Real\real_127.wav,Real,Fake,0.99998236,1.7663127e-05,False
c:/Users/adity/Downloads/X_AI_for_fake_real_audio_detection/Data/Real\real_1270.wav,Real,Fake,0.99989045,0.00010958839,False
c:/Users/adity/Downloads/X_AI_for_fake_real_audio_detection/Data/Real\real_1272.wav,Real,Fake,0.99993193,6.801666e-05,False
c:/Users/adity/Downloads/X_AI_for_fake_real_audio_detection/Data/Real\real_1273.wav,Real,Fake,0.9999027,9.7215096e-05,False
c:/Users/adity/Downloads/X_AI_for_fake_real_audio_detection/Data/Real\real_1276.wav,Real,Fake,0.999946,5.405478e-05,False
c:/Users/adity/Downloads/X_AI_for_fake_real_audio_detection/Data/Real\real_1277.wav,Real,Fake,0.99991155,8.843953e-05,False
c:/Users/adity/Downloads/X_AI_for_fake_real_audio_detection/Data/Real\real_1278.wav,Real,Fake,0.999879,0.0001209932,False
c:/Users/adity/Downloads/X_AI_for_fake_real_audio_detection/Data/Real\real_1279.wav,Real,Fake,0.99983966,0.00016025247,False
c:/Users/adity/Downloads/X_AI_for_fake_real_audio_detection/Data/Real\real_128.wav,Real,Fake,0.99997616,2.3863491e-05,False
c:/Users/adity/Downloads/X_AI_for_fake_real_audio_detection/Data/Real\real_1280.wav,Real,Fake,0.9994593,0.0005406984,False
c:/Users/adity/Downloads/X_AI_for_fake_real_audio_detection/Data/Real\real_1281.wav,Real,Fake,0.9998932,0.00010675096,False
c:/Users/adity/Downloads/X_AI_for_fake_real_audio_detection/Data/Real\real_1282.wav,Real,Fake,0.9999205,7.9458594e-05,False
c:/Users/adity/Downloads/X_AI_for_fake_real_audio_detection/Data/Real\real_1284.wav,Real,Fake,0.9999156,8.4359184e-05,False
c:/Users/adity/Downloads/X_AI_for_fake_real_audio_detection/Data/Real\real_1285.wav,Real,Fake,0.9999348,6.5191896e-05,False
c:/Users/adity/Downloads/X_AI_for_fake_real_audio_detection/Data/Real\real_1286.wav,Real,Fake,0.85589254,0.1441075,False
c:/Users/adity/Downloads/X_AI_for_fake_real_audio_detection/Data/Real\real_1287.wav,Real,Fake,0.9994985,0.0005014542,False
c:/Users/adity/Downloads/X_AI_for_fake_real_audio_detection/Data/Real\real_1289.wav,Real,Fake,0.9999316,6.84076e-05,False
c:/Users/adity/Downloads/X_AI_for_fake_real_audio_detection/Data/Real\real_129.wav,Real,Fake,0.9999788,2.117687e-05,False
c:/Users/adity/Downloads/X_AI_for_fake_real_audio_detection/Data/Real\real_1291.wav,Real,Real,6.0907994e-05,0.9999391,True
c:/Users/adity/Downloads/X_AI_for_fake_real_audio_detection/Data/Real\real_1292.wav,Real,Real,1.0819013e-05,0.99998915,True
c:/Users/adity/Downloads/X_AI_for_fake_real_audio_detection/Data/Real\real_1293.wav,Real,Real,2.7362776e-06,0.99999726,True
c:/Users/adity/Downloads/X_AI_for_fake_real_audio_detection/Data/Real\real_1294.wav,Real,Real,4.5889028e-05,0.9999541,True
c:/Users/adity/Downloads/X_AI_for_fake_real_audio_detection/Data/Real\real_1295.wav,Real,Real,2.2662252e-06,0.99999774,True
c:/Users/adity/Downloads/X_AI_for_fake_real_audio_detection/Data/Real\real_1296.wav,Real,Real,2.4445302e-05,0.99997556,True
c:/Users/adity/Downloads/X_AI_for_fake_real_audio_detection/Data/Real\real_1297.wav,Real,Real,6.402248e-07,0.9999994,True
c:/Users/adity/Downloads/X_AI_for_fake_real_audio_detection/Data/Real\real_1299.wav,Real,Real,1.1219136e-05,0.9999888,True
c:/Users/adity/Downloads/X_AI_for_fake_real_audio_detection/Data/Real\real_13.wav,Real,Fake,0.99998677,1.3229205e-05,False
c:/Users/adity/Downloads/X_AI_for_fake_real_audio_detection/Data/Real\real_130.wav,Real,Fake,0.99987566,0.00012431282,False
c:/Users/adity/Downloads/X_AI_for_fake_real_audio_detection/Data/Real\real_1300.wav,Real,Real,5.0152663e-05,0.9999498,True
c:/Users/adity/Downloads/X_AI_for_fake_real_audio_detection/Data/Real\real_1301.wav,Real,Real,1.4506964e-05,0.99998546,True
c:/Users/adity/Downloads/X_AI_for_fake_real_audio_detection/Data/Real\real_1302.wav,Real,Real,3.5440135e-05,0.9999646,True
c:/Users/adity/Downloads/X_AI_for_fake_real_audio_detection/Data/Real\real_1303.wav,Real,Real,1.9082302e-06,0.9999981,True
c:/Users/adity/Downloads/X_AI_for_fake_real_audio_detection/Data/Real\real_1304.wav,Real,Real,2.1012436e-06,0.99999785,True
c:/Users/adity/Downloads/X_AI_for_fake_real_audio_detection/Data/Real\real_1305.wav,Real,Real,2.2594866e-05,0.99997735,True
c:/Users/adity/Downloads/X_AI_for_fake_real_audio_detection/Data/Real\real_1307.wav,Real,Real,1.1829335e-05,0.9999882,True
c:/Users/adity/Downloads/X_AI_for_fake_real_audio_detection/Data/Real\real_1308.wav,Real,Real,1.4447157e-05,0.9999856,True
c:/Users/adity/Downloads/X_AI_for_fake_real_audio_detection/Data/Real\real_1309.wav,Real,Real,1.7663861e-07,0.9999999,True
c:/Users/adity/Downloads/X_AI_for_fake_real_audio_detection/Data/Real\real_131.wav,Real,Fake,0.99998283,1.7169026e-05,False
c:/Users/adity/Downloads/X_AI_for_fake_real_audio_detection/Data/Real\real_1310.wav,Real,Real,7.127906e-08,0.9999999,True
c:/Users/adity/Downloads/X_AI_for_fake_real_audio_detection/Data/Real\real_1311.wav,Real,Real,6.0702887e-06,0.9999939,True
c:/Users/adity/Downloads/X_AI_for_fake_real_audio_detection/Data/Real\real_1312.wav,Real,Real,9.3117296e-07,0.99999905,True
c:/Users/adity/Downloads/X_AI_for_fake_real_audio_detection/Data/Real\real_1315.wav,Real,Real,7.613952e-06,0.9999924,True
c:/Users/adity/Downloads/X_AI_for_fake_real_audio_detection/Data/Real\real_1318.wav,Real,Real,6.682569e-06,0.9999933,True
c:/Users/adity/Downloads/X_AI_for_fake_real_audio_detection/Data/Real\real_1319.wav,Real,Real,2.115556e-06,0.99999785,True
c:/Users/adity/Downloads/X_AI_for_fake_real_audio_detection/Data/Real\real_132.wav,Real,Fake,0.9999715,2.8461754e-05,False
c:/Users/adity/Downloads/X_AI_for_fake_real_audio_detection/Data/Real\real_1320.wav,Real,Real,3.7924463e-05,0.9999621,True
c:/Users/adity/Downloads/X_AI_for_fake_real_audio_detection/Data/Real\real_1321.wav,Real,Fake,0.9999708,2.9219469e-05,False
c:/Users/adity/Downloads/X_AI_for_fake_real_audio_detection/Data/Real\real_1324.wav,Real,Fake,0.9999869,1.3157714e-05,False
c:/Users/adity/Downloads/X_AI_for_fake_real_audio_detection/Data/Real\real_1325.wav,Real,Fake,0.9999877,1.2264255e-05,False
c:/Users/adity/Downloads/X_AI_for_fake_real_audio_detection/Data/Real\real_1326.wav,Real,Fake,0.9999896,1.0344603e-05,False
c:/Users/adity/Downloads/X_AI_for_fake_real_audio_detection/Data/Real\real_1327.wav,Real,Fake,0.99987936,0.00012064688,False
c:/Users/adity/Downloads/X_AI_for_fake_real_audio_detection/Data/Real\real_1330.wav,Real,Fake,0.9999808,1.917008e-05,False
c:/Users/adity/Downloads/X_AI_for_fake_real_audio_detection/Data/Real\real_1331.wav,Real,Fake,0.9999832,1.6785185e-05,False
c:/Users/adity/Downloads/X_AI_for_fake_real_audio_detection/Data/Real\real_1332.wav,Real,Fake,0.99997795,2.2009208e-05,False
c:/Users/adity/Downloads/X_AI_for_fake_real_audio_detection/Data/Real\real_1333.wav,Real,Fake,0.9999857,1.431888e-05,False
c:/Users/adity/Downloads/X_AI_for_fake_real_audio_detection/Data/Real\real_1334.wav,Real,Fake,0.999987,1.294108e-05,False
c:/Users/adity/Downloads/X_AI_for_fake_real_audio_detection/Data/Real\real_1336.wav,Real,Fake,0.9999826,1.7378215e-05,False
c:/Users/adity/Downloads/X_AI_for_fake_real_audio_detection/Data/Real\real_1337.wav,Real,Fake,0.9999895,1.0439197e-05,False
c:/Users/adity/Downloads/X_AI_for_fake_real_audio_detection/Data/Real\real_1338.wav,Real,Fake,0.9999789,2.1118645e-05,False
c:/Users/adity/Downloads/X_AI_for_fake_real_audio_detection/Data/Real\real_1339.wav,Real,Fake,0.99987626,0.00012377687,False
c:/Users/adity/Downloads/X_AI_for_fake_real_audio_detection/Data/Real\real_134.wav,Real,Fake,0.9999757,2.4314937e-05,False
c:/Users/adity/Downloads/X_AI_for_fake_real_audio_detection/Data/Real\real_1340.wav,Real,Fake,0.99987936,0.000120584766,False
c:/Users/adity/Downloads/X_AI_for_fake_real_audio_detection/Data/Real\real_1341.wav,Real,Fake,0.9999726,2.7380567e-05,False
c:/Users/adity/Downloads/X_AI_for_fake_real_audio_detection/Data/Real\real_1344.wav,Real,Fake,0.9999864,1.3599611e-05,False
c:/Users/adity/Downloads/X_AI_for_fake_real_audio_detection/Data/Real\real_1345.wav,Real,Fake,0.9999889,1.1135014e-05,False
c:/Users/adity/Downloads/X_AI_for_fake_real_audio_detection/Data/Real\real_1346.wav,Real,Fake,0.9999926,7.4289924e-06,False
c:/Users/adity/Downloads/X_AI_for_fake_real_audio_detection/Data/Real\real_1348.wav,Real,Fake,0.9999825,1.7562248e-05,False
c:/Users/adity/Downloads/X_AI_for_fake_real_audio_detection/Data/Real\real_1349.wav,Real,Fake,0.99998796,1.2089282e-05,False
c:/Users/adity/Downloads/X_AI_for_fake_real_audio_detection/Data/Real\real_135.wav,Real,Fake,0.99992955,7.0459435e-05,False
c:/Users/adity/Downloads/X_AI_for_fake_real_audio_detection/Data/Real\real_1350.wav,Real,Fake,0.99998045,1.9584128e-05,False
c:/Users/adity/Downloads/X_AI_for_fake_real_audio_detection/Data/Real\real_1351.wav,Real,Fake,0.99945587,0.0005440747,False
c:/Users/adity/Downloads/X_AI_for_fake_real_audio_detection/Data/Real\real_1352.wav,Real,Fake,0.99998057,1.9478592e-05,False
c:/Users/adity/Downloads/X_AI_for_fake_real_audio_detection/Data/Real\real_1353.wav,Real,Fake,0.9999734,2.6633536e-05,False
c:/Users/adity/Downloads/X_AI_for_fake_real_audio_detection/Data/Real\real_1354.wav,Real,Fake,0.9999032,9.6802716e-05,False
c:/Users/adity/Downloads/X_AI_for_fake_real_audio_detection/Data/Real\real_1355.wav,Real,Fake,0.9999615,3.8508293e-05,False
c:/Users/adity/Downloads/X_AI_for_fake_real_audio_detection/Data/Real\real_1356.wav,Real,Fake,0.999967,3.30171e-05,False
c:/Users/adity/Downloads/X_AI_for_fake_real_audio_detection/Data/Real\real_1357.wav,Real,Fake,0.9999832,1.6807997e-05,False
c:/Users/adity/Downloads/X_AI_for_fake_real_audio_detection/Data/Real\real_1358.wav,Real,Fake,0.99990356,9.6458185e-05,False
c:/Users/adity/Downloads/X_AI_for_fake_real_audio_detection/Data/Real\real_1359.wav,Real,Fake,0.9999764,2.3608727e-05,False
c:/Users/adity/Downloads/X_AI_for_fake_real_audio_detection/Data/Real\real_136.wav,Real,Fake,0.9999236,7.63848e-05,False
c:/Users/adity/Downloads/X_AI_for_fake_real_audio_detection/Data/Real\real_1361.wav,Real,Fake,0.99996984,3.014383e-05,False
c:/Users/adity/Downloads/X_AI_for_fake_real_audio_detection/Data/Real\real_1362.wav,Real,Fake,0.99998116,1.8798406e-05,False
c:/Users/adity/Downloads/X_AI_for_fake_real_audio_detection/Data/Real\real_1363.wav,Real,Fake,0.9999733,2.6710375e-05,False
c:/Users/adity/Downloads/X_AI_for_fake_real_audio_detection/Data/Real\real_1365.wav,Real,Fake,0.9999343,6.567667e-05,False
c:/Users/adity/Downloads/X_AI_for_fake_real_audio_detection/Data/Real\real_1369.wav,Real,Fake,0.99995303,4.7009467e-05,False
c:/Users/adity/Downloads/X_AI_for_fake_real_audio_detection/Data/Real\real_137.wav,Real,Fake,0.999964,3.600127e-05,False
c:/Users/adity/Downloads/X_AI_for_fake_real_audio_detection/Data/Real\real_1370.wav,Real,Fake,0.99996054,3.9476836e-05,False
c:/Users/adity/Downloads/X_AI_for_fake_real_audio_detection/Data/Real\real_1372.wav,Real,Fake,0.99991906,8.092905e-05,False
c:/Users/adity/Downloads/X_AI_for_fake_real_audio_detection/Data/Real\real_1374.wav,Real,Fake,0.9999329,6.7169065e-05,False
c:/Users/adity/Downloads/X_AI_for_fake_real_audio_detection/Data/Real\real_1375.wav,Real,Fake,0.9999567,4.327535e-05,False
c:/Users/adity/Downloads/X_AI_for_fake_real_audio_detection/Data/Real\real_1376.wav,Real,Fake,0.99993384,6.6209745e-05,False
c:/Users/adity/Downloads/X_AI_for_fake_real_audio_detection/Data/Real\real_1378.wav,Real,Fake,0.9999819,1.80652e-05,False
c:/Users/adity/Downloads/X_AI_for_fake_real_audio_detection/Data/Real\real_138.wav,Real,Fake,0.99998224,1.7759234e-05,False
c:/Users/adity/Downloads/X_AI_for_fake_real_audio_detection/Data/Real\real_1380.wav,Real,Fake,0.9998908,0.00010923679,False
c:/Users/adity/Downloads/X_AI_for_fake_real_audio_detection/Data/Real\real_1381.wav,Real,Fake,0.9999826,1.7369981e-05,False
c:/Users/adity/Downloads/X_AI_for_fake_real_audio_detection/Data/Real\real_1384.wav,Real,Fake,0.999977,2.2990565e-05,False
c:/Users/adity/Downloads/X_AI_for_fake_real_audio_detection/Data/Real\real_1385.wav,Real,Fake,0.9999808,1.920873e-05,False
c:/Users/adity/Downloads/X_AI_for_fake_real_audio_detection/Data/Real\real_1387.wav,Real,Fake,0.9999789,2.1149968e-05,False
c:/Users/adity/Downloads/X_AI_for_fake_real_audio_detection/Data/Real\real_139.wav,Real,Fake,0.99998343,1.6598531e-05,False
c:/Users/adity/Downloads/X_AI_for_fake_real_audio_detection/Data/Real\real_1391.wav,Real,Fake,0.99145937,0.008540582,False
c:/Users/adity/Downloads/X_AI_for_fake_real_audio_detection/Data/Real\real_1392.wav,Real,Fake,0.99998367,1.6387987e-05,False
c:/Users/adity/Downloads/X_AI_for_fake_real_audio_detection/Data/Real\real_1394.wav,Real,Fake,0.999974,2.5942529e-05,False
c:/Users/adity/Downloads/X_AI_for_fake_real_audio_detection/Data/Real\real_1396.wav,Real,Fake,0.9999616,3.8375547e-05,False
c:/Users/adity/Downloads/X_AI_for_fake_real_audio_detection/Data/Real\real_1397.wav,Real,Fake,0.9999758,2.4180863e-05,False
c:/Users/adity/Downloads/X_AI_for_fake_real_audio_detection/Data/Real\real_1398.wav,Real,Fake,0.99997187,2.8171626e-05,False
c:/Users/adity/Downloads/X_AI_for_fake_real_audio_detection/Data/Real\real_1399.wav,Real,Fake,0.99998,2.0025422e-05,False
c:/Users/adity/Downloads/X_AI_for_fake_real_audio_detection/Data/Real\real_140.wav,Real,Fake,0.9999875,1.2539893e-05,False
c:/Users/adity/Downloads/X_AI_for_fake_real_audio_detection/Data/Real\real_1400.wav,Real,Fake,0.9999844,1.5665959e-05,False
c:/Users/adity/Downloads/X_AI_for_fake_real_audio_detection/Data/Real\real_1401.wav,Real,Fake,0.9999604,3.9546012e-05,False
c:/Users/adity/Downloads/X_AI_for_fake_real_audio_detection/Data/Real\real_1402.wav,Real,Fake,0.99995136,4.8586717e-05,False
c:/Users/adity/Downloads/X_AI_for_fake_real_audio_detection/Data/Real\real_1404.wav,Real,Fake,0.999982,1.7986365e-05,False
c:/Users/adity/Downloads/X_AI_for_fake_real_audio_detection/Data/Real\real_1405.wav,Real,Fake,0.9999647,3.523991e-05,False
c:/Users/adity/Downloads/X_AI_for_fake_real_audio_detection/Data/Real\real_1406.wav,Real,Fake,0.9999745,2.5557543e-05,False
c:/Users/adity/Downloads/X_AI_for_fake_real_audio_detection/Data/Real\real_1407.wav,Real,Fake,0.9999769,2.3091288e-05,False
c:/Users/adity/Downloads/X_AI_for_fake_real_audio_detection/Data/Real\real_1408.wav,Real,Fake,0.9999783,2.1746288e-05,False
c:/Users/adity/Downloads/X_AI_for_fake_real_audio_detection/Data/Real\real_1409.wav,Real,Fake,0.99997306,2.6929823e-05,False
c:/Users/adity/Downloads/X_AI_for_fake_real_audio_detection/Data/Real\real_1410.wav,Real,Fake,0.9999753,2.4706407e-05,False
c:/Users/adity/Downloads/X_AI_for_fake_real_audio_detection/Data/Real\real_1411.wav,Real,Real,1.976545e-05,0.9999802,True
c:/Users/adity/Downloads/X_AI_for_fake_real_audio_detection/Data/Real\real_1412.wav,Real,Real,0.00014557371,0.99985445,True
c:/Users/adity/Downloads/X_AI_for_fake_real_audio_detection/Data/Real\real_1414.wav,Real,Real,3.128274e-06,0.9999969,True
c:/Users/adity/Downloads/X_AI_for_fake_real_audio_detection/Data/Real\real_1417.wav,Real,Real,0.00020212904,0.9997979,True
c:/Users/adity/Downloads/X_AI_for_fake_real_audio_detection/Data/Real\real_1418.wav,Real,Real,7.172199e-06,0.99999285,True
c:/Users/adity/Downloads/X_AI_for_fake_real_audio_detection/Data/Real\real_1419.wav,Real,Real,2.5652993e-05,0.99997437,True
c:/Users/adity/Downloads/X_AI_for_fake_real_audio_detection/Data/Real\real_142.wav,Real,Fake,0.9999646,3.5383673e-05,False
c:/Users/adity/Downloads/X_AI_for_fake_real_audio_detection/Data/Real\real_1420.wav,Real,Real,8.140205e-06,0.9999919,True
